Attrition,BusinessTravel,Department,Education,EducationField,JobInvolvement,JobLevel,JobRole,JobSatisfaction,MonthlyIncome,OverTime,PerformanceRating,WorkLifeBalance,YearsAtCompany,YearsSinceLastPromotion
Yes,Travel_Rarely,Sales,2,Life Sciences,3,2,Sales Executive,4,5993,Yes,3,1,6,0
No,Travel_Frequently,Research & Development,1,Life Sciences,2,2,Research Scientist,2,5130,No,4,3,10,1
Yes,Travel_Rarely,Research & Development,2,Other,2,1,Laboratory Technician,3,2090,Yes,3,3,0,0
No,Travel_Frequently,Research & Development,4,Life Sciences,3,1,Research Scientist,3,2909,Yes,3,3,8,3
No,Travel_Rarely,Research & Development,1,Medical,3,1,Laboratory Technician,2,3468,No,3,3,2,2
No,Travel_Frequently,Research & Development,2,Life Sciences,3,1,Laboratory Technician,4,3068,No,3,2,7,3
No,Travel_Rarely,Research & Development,3,Medical,4,1,Laboratory Technician,1,2670,Yes,4,2,1,0
No,Travel_Rarely,Research & Development,1,Life Sciences,3,1,Laboratory Technician,3,2693,No,4,3,1,0
No,Travel_Frequently,Research & Development,3,Life Sciences,2,3,Manufacturing Director,3,9526,No,4,3,9,1
No,Travel_Rarely,Research & Development,3,Medical,3,2,Healthcare Representative,3,5237,No,3,2,7,7
No,Travel_Rarely,Research & Development,3,Medical,4,1,Laboratory Technician,2,2426,No,3,3,5,0
No,Travel_Rarely,Research & Development,2,Life Sciences,2,2,Laboratory Technician,3,4193,Yes,3,3,9,0
No,Travel_Rarely,Research & Development,1,Life Sciences,3,1,Research Scientist,3,2911,No,3,2,5,4
No,Travel_Rarely,Research & Development,2,Medical,3,1,Laboratory Technician,4,2661,No,3,3,2,1
Yes,Travel_Rarely,Research & Development,3,Life Sciences,2,1,Laboratory Technician,3,2028,Yes,3,3,4,0
No,Travel_Rarely,Research & Development,4,Life Sciences,4,3,Manufacturing Director,1,9980,No,3,3,10,8
No,Travel_Rarely,Research & Development,2,Life Sciences,4,1,Research Scientist,2,3298,Yes,3,2,6,0
No,Non-Travel,Research & Development,2,Medical,4,1,Laboratory Technician,4,2935,Yes,3,2,1,0
No,Travel_Rarely,Sales,4,Life Sciences,2,4,Manager,4,15427,No,3,3,25,3
No,Travel_Rarely,Research & Development,3,Life Sciences,3,1,Research Scientist,4,3944,Yes,3,3,3,1
No,Non-Travel,Research & Development,2,Other,4,2,Manufacturing Director,3,4011,No,3,2,4,1
Yes,Travel_Rarely,Sales,4,Life Sciences,2,1,Sales Representative,1,3407,No,4,3,5,0
No,Travel_Rarely,Research & Development,4,Life Sciences,3,3,Research Director,2,11994,No,3,3,12,2
No,Travel_Rarely,Research & Development,2,Life Sciences,3,1,Research Scientist,4,1232,No,3,3,0,0
Yes,Travel_Rarely,Research & Development,1,Medical,3,1,Research Scientist,1,2960,No,3,3,4,1
No,Travel_Rarely,Research & Development,3,Other,3,5,Manager,3,19094,No,3,2,14,4
Yes,Travel_Frequently,Research & Development,1,Life Sciences,1,1,Research Scientist,1,3919,Yes,4,3,10,6
No,Travel_Rarely,Sales,4,Marketing,3,2,Sales Executive,2,6825,No,3,3,9,4
No,Travel_Rarely,Research & Development,4,Medical,2,3,Healthcare Representative,4,10248,No,3,3,22,5
No,Travel_Rarely,Sales,4,Marketing,3,5,Manager,1,18947,No,3,2,2,2
No,Travel_Rarely,Research & Development,3,Medical,3,1,Laboratory Technician,4,2496,No,3,3,1,0
No,Travel_Rarely,Research & Development,4,Other,3,2,Healthcare Representative,4,6465,Yes,3,4,4,1
No,Travel_Rarely,Research & Development,2,Medical,2,1,Laboratory Technician,3,2206,No,3,3,10,1
Yes,Travel_Rarely,Sales,3,Technical Degree,3,2,Sales Representative,4,2086,No,3,4,1,0
Yes,Travel_Rarely,Research & Development,3,Medical,3,1,Research Scientist,4,2293,Yes,3,2,2,2
No,Travel_Rarely,Research & Development,2,Medical,4,1,Research Scientist,3,2645,No,3,2,5,1
Yes,Travel_Rarely,Sales,2,Marketing,2,1,Sales Representative,3,2683,Yes,3,3,3,0
No,Travel_Rarely,Sales,3,Marketing,3,1,Sales Representative,4,2014,No,3,3,2,2
No,Travel_Rarely,Research & Development,4,Life Sciences,2,1,Research Scientist,1,3419,Yes,3,4,1,0
No,Travel_Frequently,Sales,3,Life Sciences,4,2,Sales Executive,1,5376,No,3,3,5,1
No,Travel_Rarely,Research & Development,2,Other,3,1,Laboratory Technician,4,1951,No,3,3,1,0
No,Travel_Rarely,Research & Development,4,Life Sciences,3,1,Laboratory Technician,1,2341,No,3,3,1,0
Yes,Travel_Rarely,Research & Development,3,Life Sciences,1,1,Laboratory Technician,3,2293,No,3,2,1,0
No,Travel_Frequently,Sales,3,Life Sciences,3,3,Sales Executive,3,8726,No,3,3,9,1
No,Travel_Frequently,Research & Development,2,Medical,3,2,Laboratory Technician,4,4011,No,4,3,12,3
Yes,Travel_Rarely,Research & Development,3,Technical Degree,3,5,Research Director,3,19545,No,3,3,22,15
No,Non-Travel,Sales,4,Marketing,3,2,Sales Executive,3,4568,No,4,3,9,8
No,Travel_Rarely,Research & Development,2,Life Sciences,3,1,Research Scientist,2,3022,No,4,3,1,0
No,Travel_Frequently,Sales,4,Marketing,3,2,Sales Executive,4,5772,Yes,4,3,9,0
No,Travel_Rarely,Research & Development,1,Life Sciences,4,1,Laboratory Technician,4,2269,No,3,3,1,0
Yes,Travel_Rarely,Research & Development,2,Life Sciences,2,3,Laboratory Technician,3,5381,Yes,3,3,1,0
Yes,Travel_Rarely,Research & Development,4,Technical Degree,3,1,Laboratory Technician,3,3441,Yes,3,2,2,2
No,Travel_Rarely,Sales,5,Marketing,3,2,Sales Executive,1,5454,Yes,4,2,4,1
No,Non-Travel,Research & Development,2,Medical,2,3,Healthcare Representative,1,9884,Yes,3,3,4,2
No,Travel_Rarely,Sales,3,Marketing,2,2,Sales Executive,4,4157,Yes,3,2,2,0
No,Travel_Frequently,Research & Development,2,Life Sciences,3,3,Research Director,4,13458,Yes,3,3,15,8
No,Travel_Frequently,Sales,5,Life Sciences,3,3,Sales Executive,1,9069,No,4,2,9,1
No,Travel_Rarely,Research & Development,4,Medical,3,1,Laboratory Technician,1,4014,Yes,3,3,2,2
No,Travel_Rarely,Research & Development,4,Life Sciences,3,2,Laboratory Technician,4,5915,No,4,2,7,1
No,Travel_Rarely,Research & Development,4,Life Sciences,2,2,Manufacturing Director,3,5993,No,3,4,7,0
No,Travel_Rarely,Research & Development,3,Medical,3,2,Manufacturing Director,4,6162,Yes,4,3,9,7
No,Travel_Frequently,Research & Development,5,Life Sciences,3,2,Laboratory Technician,4,2406,No,3,3,10,9
No,Travel_Rarely,Research & Development,2,Medical,2,5,Research Director,3,18740,Yes,3,2,27,13
No,Travel_Rarely,Sales,3,Life Sciences,3,3,Sales Executive,1,7637,No,3,2,21,7
No,Travel_Rarely,Research & Development,3,Technical Degree,3,3,Healthcare Representative,3,10096,No,3,3,17,12
No,Travel_Rarely,Research & Development,3,Medical,3,4,Manager,3,14756,Yes,3,3,5,0
No,Travel_Frequently,Research & Development,3,Life Sciences,2,2,Manufacturing Director,2,6499,No,3,3,6,0
No,Travel_Rarely,Research & Development,3,Life Sciences,3,3,Research Scientist,1,9724,No,3,3,1,0
No,Travel_Frequently,Research & Development,3,Medical,3,1,Research Scientist,1,2194,No,3,2,3,1
Yes,Travel_Rarely,Research & Development,3,Medical,2,1,Research Scientist,3,3388,Yes,3,2,1,0
No,Travel_Frequently,Sales,1,Life Sciences,2,2,Sales Executive,3,5473,No,3,2,4,1
No,Travel_Rarely,Research & Development,3,Life Sciences,3,1,Research Scientist,2,2703,No,4,3,5,0
No,Travel_Rarely,Research & Development,4,Medical,3,1,Research Scientist,2,2501,No,3,3,1,1
No,Travel_Rarely,Research & Development,3,Life Sciences,3,2,Research Scientist,2,6220,No,3,3,10,0
No,Travel_Rarely,Research & Development,3,Life Sciences,4,1,Laboratory Technician,4,3038,No,3,3,1,0
No,Travel_Rarely,Research & Development,4,Life Sciences,3,2,Manufacturing Director,4,4424,No,4,3,11,1
No,Travel_Rarely,Sales,4,Marketing,2,2,Sales Executive,1,4312,No,3,3,15,2
No,Travel_Rarely,Research & Development,4,Other,3,3,Research Director,1,13245,Yes,3,4,0,0
No,Travel_Rarely,Research & Development,4,Medical,3,3,Research Director,3,13664,No,3,4,5,0
No,Travel_Rarely,Human Resources,2,Medical,3,2,Human Resources,2,5021,Yes,4,3,4,0
No,Travel_Rarely,Research & Development,1,Life Sciences,2,2,Laboratory Technician,4,5126,Yes,3,2,10,3
No,Travel_Rarely,Research & Development,3,Medical,2,1,Research Scientist,3,2859,No,3,3,6,0
No,Travel_Rarely,Sales,2,Life Sciences,3,3,Sales Executive,4,10239,No,3,3,1,1
No,Non-Travel,Research & Development,3,Medical,1,2,Research Scientist,4,5329,Yes,3,3,13,1
No,Travel_Rarely,Research & Development,2,Medical,3,2,Manufacturing Director,2,4325,No,3,3,5,1
No,Travel_Rarely,Research & Development,3,Life Sciences,1,3,Manufacturing Director,4,7260,No,3,2,6,0
No,Travel_Rarely,Sales,1,Technical Degree,3,1,Sales Representative,1,2322,No,3,3,0,0
No,Travel_Rarely,Research & Development,4,Life Sciences,3,1,Laboratory Technician,4,2075,No,4,3,4,0
No,Travel_Rarely,Research & Development,3,Life Sciences,2,2,Healthcare Representative,4,4152,No,3,3,11,10
Yes,Travel_Rarely,Sales,2,Medical,2,3,Sales Executive,4,9619,No,3,3,9,4
No,Travel_Frequently,Research & Development,4,Life Sciences,2,4,Healthcare Representative,2,13503,No,4,2,22,11
No,Travel_Rarely,Sales,4,Marketing,3,2,Sales Executive,4,5441,Yes,4,1,10,1
No,Travel_Rarely,Sales,2,Medical,2,2,Sales Executive,2,5209,Yes,3,2,11,2
No,Travel_Frequently,Research & Development,3,Medical,2,3,Healthcare Representative,1,10673,Yes,3,2,10,9
No,Travel_Rarely,Sales,4,Medical,3,2,Sales Executive,3,5010,No,3,3,11,5
No,Travel_Rarely,Research & Development,4,Technical Degree,3,3,Research Director,3,13549,No,3,1,4,0
No,Travel_Rarely,Sales,2,Other,3,2,Sales Executive,3,4999,No,4,2,3,0
No,Non-Travel,Sales,3,Medical,3,2,Sales Executive,3,4221,No,3,4,5,0
No,Travel_Rarely,Sales,4,Medical,3,4,Sales Executive,3,13872,No,3,2,37,1
No,Non-Travel,Research & Development,3,Medical,3,2,Laboratory Technician,2,2042,No,3,4,3,1
Yes,Travel_Rarely,Human Resources,4,Human Resources,3,1,Human Resources,1,2073,Yes,4,3,3,0
No,Travel_Rarely,Research & Development,1,Life Sciences,3,1,Research Scientist,1,2956,No,3,3,1,0
Yes,Travel_Frequently,Research & Development,3,Life Sciences,2,1,Laboratory Technician,4,2926,Yes,3,3,1,1
No,Travel_Rarely,Research & Development,4,Other,3,2,Research Scientist,3,4809,No,3,3,16,2
No,Non-Travel,Research & Development,2,Life Sciences,2,2,Healthcare Representative,4,5163,No,3,4,1,0
No,Non-Travel,Human Resources,4,Human Resources,2,5,Manager,4,18844,No,4,3,3,2
No,Travel_Frequently,Research & Development,3,Life Sciences,3,5,Research Director,2,18172,Yes,3,2,8,0
Yes,Travel_Rarely,Sales,3,Marketing,2,2,Sales Executive,3,5744,Yes,3,3,6,0
No,Travel_Rarely,Research & Development,1,Medical,2,1,Research Scientist,4,2889,No,3,3,2,2
No,Travel_Rarely,Research & Development,3,Medical,3,1,Laboratory Technician,4,2871,No,3,3,0,0
No,Travel_Frequently,Research & Development,4,Medical,2,3,Healthcare Representative,1,7484,No,4,2,13,12
Yes,Travel_Frequently,Research & Development,3,Life Sciences,1,2,Laboratory Technician,3,6074,Yes,4,3,9,0
No,Non-Travel,Human Resources,3,Human Resources,4,4,Manager,4,17328,Yes,3,3,5,4
No,Travel_Rarely,Research & Development,1,Life Sciences,3,1,Laboratory Technician,3,2774,No,3,3,5,1
No,Travel_Rarely,Research & Development,4,Life Sciences,2,2,Research Scientist,2,4505,No,3,3,1,0
No,Travel_Rarely,Sales,3,Life Sciences,3,3,Sales Executive,4,7428,No,3,3,5,1
No,Travel_Rarely,Research & Development,3,Medical,2,3,Manager,1,11631,No,3,3,11,5
No,Travel_Frequently,Sales,2,Technical Degree,3,3,Sales Executive,4,9738,No,3,3,9,2
No,Travel_Rarely,Research & Development,2,Life Sciences,3,1,Laboratory Technician,4,2835,No,4,3,1,0
No,Travel_Frequently,Sales,2,Life Sciences,3,4,Manager,4,16959,Yes,3,4,25,4
No,Travel_Frequently,Research & Development,3,Life Sciences,1,1,Research Scientist,3,2613,No,4,2,10,0
No,Non-Travel,Sales,2,Marketing,3,2,Sales Executive,2,6146,No,3,4,7,0
Yes,Travel_Rarely,Research & Development,4,Life Sciences,3,1,Research Scientist,2,4963,Yes,3,3,5,4
No,Travel_Rarely,Research & Development,3,Life Sciences,3,5,Research Director,3,19537,No,3,3,20,15
Yes,Travel_Rarely,Sales,4,Life Sciences,1,2,Sales Executive,3,6172,Yes,3,2,7,7
No,Travel_Rarely,Research & Development,3,Other,2,1,Research Scientist,2,2368,No,3,2,5,4
Yes,Travel_Rarely,Research & Development,4,Medical,3,3,Healthcare Representative,4,10312,No,3,2,40,15
Yes,Travel_Rarely,Sales,1,Marketing,3,1,Sales Representative,3,1675,Yes,3,2,0,0
No,Travel_Rarely,Research & Development,1,Technical Degree,3,1,Laboratory Technician,4,2523,No,3,3,2,2
No,Travel_Rarely,Research & Development,4,Medical,3,2,Manufacturing Director,1,6567,No,3,2,15,5
No,Travel_Frequently,Research & Development,3,Medical,4,1,Research Scientist,3,4739,No,3,3,3,1
No,Travel_Frequently,Sales,3,Marketing,3,3,Sales Executive,4,9208,No,3,3,2,2
Yes,Travel_Rarely,Sales,3,Life Sciences,1,2,Sales Executive,3,4559,Yes,3,3,2,2
No,Travel_Rarely,Sales,1,Life Sciences,3,3,Sales Executive,3,8189,Yes,3,3,9,0
No,Travel_Rarely,Human Resources,1,Life Sciences,3,1,Human Resources,3,2942,No,4,3,8,5
No,Travel_Rarely,Research & Development,2,Medical,3,2,Manufacturing Director,2,4941,No,4,3,3,0
Yes,Travel_Frequently,Research & Development,4,Life Sciences,1,3,Manufacturing Director,4,10650,No,3,3,4,0
No,Travel_Rarely,Sales,4,Life Sciences,2,2,Sales Executive,3,5902,No,3,4,15,5
No,Travel_Rarely,Sales,3,Life Sciences,2,2,Sales Executive,3,8639,No,3,3,2,2
No,Travel_Rarely,Human Resources,3,Human Resources,3,2,Human Resources,4,6347,Yes,3,1,11,4
Yes,Travel_Rarely,Research & Development,3,Medical,3,1,Laboratory Technician,1,4200,No,4,4,5,0
No,Travel_Rarely,Research & Development,3,Medical,3,1,Research Scientist,4,3452,No,3,2,6,0
No,Travel_Rarely,Research & Development,5,Technical Degree,3,2,Research Scientist,3,4317,Yes,4,3,3,2
No,Travel_Rarely,Research & Development,3,Life Sciences,3,1,Research Scientist,3,2632,No,3,2,5,0
No,Travel_Frequently,Sales,2,Medical,1,2,Sales Executive,4,4668,No,3,4,8,0
No,Travel_Rarely,Research & Development,3,Technical Degree,3,1,Research Scientist,1,3204,No,3,3,3,2
No,Travel_Rarely,Research & Development,1,Medical,2,1,Laboratory Technician,4,2720,No,3,3,5,1
No,Travel_Frequently,Research & Development,3,Life Sciences,2,4,Manager,1,17181,No,3,2,7,7
No,Travel_Rarely,Research & Development,4,Life Sciences,3,1,Laboratory Technician,1,2238,No,4,3,5,1
No,Travel_Rarely,Research & Development,1,Medical,3,1,Laboratory Technician,2,1483,No,3,3,1,0
No,Travel_Frequently,Research & Development,3,Medical,3,2,Research Scientist,2,5605,No,3,3,20,2
No,Travel_Rarely,Sales,5,Marketing,3,3,Sales Executive,2,7295,No,3,3,10,0
No,Travel_Rarely,Sales,2,Marketing,3,2,Sales Representative,3,2306,Yes,4,1,7,4
No,Travel_Rarely,Research & Development,3,Life Sciences,3,2,Laboratory Technician,2,2348,No,3,1,17,0
No,Travel_Frequently,Sales,3,Marketing,3,3,Sales Executive,4,8998,No,3,3,9,3
No,Non-Travel,Research & Development,1,Technical Degree,3,2,Manufacturing Director,3,4319,No,3,3,10,0
No,Travel_Rarely,Research & Development,4,Medical,2,2,Manufacturing Director,3,6132,No,3,3,1,0
No,Travel_Rarely,Research & Development,3,Medical,2,1,Research Scientist,2,3346,Yes,4,2,1,0
No,Travel_Rarely,Sales,4,Marketing,2,3,Sales Executive,4,10855,No,3,2,12,2
No,Travel_Frequently,Sales,4,Marketing,3,1,Sales Representative,3,2231,No,3,3,4,1
No,Travel_Rarely,Research & Development,1,Medical,3,1,Research Scientist,4,2323,No,4,3,2,2
No,Non-Travel,Research & Development,3,Medical,3,1,Research Scientist,2,2024,No,3,1,2,2
No,Travel_Rarely,Research & Development,3,Medical,3,1,Research Scientist,4,2713,No,3,1,5,0
No,Travel_Rarely,Research & Development,2,Life Sciences,4,3,Healthcare Representative,4,9439,Yes,3,1,5,1
No,Non-Travel,Research & Development,3,Medical,2,1,Research Scientist,3,2566,Yes,3,2,1,0
No,Travel_Rarely,Research & Development,3,Life Sciences,3,5,Manager,2,19926,No,3,3,5,4
No,Travel_Rarely,Research & Development,3,Life Sciences,3,1,Research Scientist,3,2451,No,3,3,9,1
No,Travel_Rarely,Sales,3,Life Sciences,3,3,Sales Executive,4,9419,No,3,3,10,7
No,Travel_Rarely,Sales,4,Life Sciences,2,2,Sales Executive,4,8686,No,4,4,8,0
No,Travel_Rarely,Research & Development,5,Life Sciences,3,1,Research Scientist,3,3038,No,4,3,5,1
No,Travel_Rarely,Research & Development,3,Technical Degree,3,1,Research Scientist,2,3058,Yes,3,2,5,1
Yes,Travel_Frequently,Sales,1,Technical Degree,1,1,Sales Representative,1,2325,No,4,4,0,0
No,Travel_Frequently,Research & Development,2,Medical,3,1,Laboratory Technician,2,2088,No,3,2,8,7
No,Non-Travel,Research & Development,3,Medical,3,2,Laboratory Technician,1,3072,No,3,3,12,6
No,Travel_Rarely,Sales,2,Life Sciences,3,2,Sales Executive,1,5006,Yes,3,4,5,0
No,Travel_Rarely,Research & Development,3,Life Sciences,3,1,Research Scientist,1,4257,Yes,3,3,2,2
No,Travel_Rarely,Research & Development,3,Life Sciences,3,1,Research Scientist,4,2500,No,3,4,3,0
Yes,Travel_Rarely,Research & Development,3,Life Sciences,2,1,Laboratory Technician,4,1102,No,4,2,1,1
No,Travel_Rarely,Sales,2,Marketing,3,3,Sales Executive,1,10453,No,4,3,24,15
No,Travel_Rarely,Research & Development,2,Life Sciences,3,1,Laboratory Technician,4,2288,No,3,3,2,2
No,Travel_Rarely,Research & Development,1,Medical,3,1,Research Scientist,4,3929,Yes,4,3,4,0
No,Travel_Rarely,Research & Development,2,Medical,3,1,Research Scientist,2,2311,No,3,3,3,1
Yes,Travel_Rarely,Sales,2,Marketing,3,1,Sales Representative,2,3140,Yes,4,2,4,0
No,Travel_Rarely,Research & Development,3,Medical,2,1,Laboratory Technician,3,3690,No,3,2,3,0
No,Travel_Rarely,Research & Development,2,Medical,4,2,Manufacturing Director,1,4450,No,3,3,4,1
No,Travel_Rarely,Research & Development,3,Medical,3,1,Research Scientist,2,2756,No,3,3,8,1
No,Travel_Rarely,Research & Development,1,Medical,3,5,Manager,3,19033,No,3,3,20,9
No,Travel_Rarely,Research & Development,4,Medical,4,5,Research Director,2,18722,No,3,3,24,2
No,Travel_Frequently,Research & Development,1,Life Sciences,2,2,Manufacturing Director,3,9547,No,3,2,10,1
No,Travel_Rarely,Research & Development,3,Medical,3,4,Healthcare Representative,2,13734,No,3,3,7,1
No,Travel_Rarely,Research & Development,4,Life Sciences,2,5,Manager,3,19999,No,3,3,33,11
No,Travel_Rarely,Research & Development,3,Medical,3,1,Research Scientist,2,2279,No,3,2,7,0
Yes,Travel_Rarely,Research & Development,2,Life Sciences,2,2,Manufacturing Director,3,5916,Yes,3,3,1,0
No,Non-Travel,Research & Development,3,Medical,4,1,Research Scientist,4,2089,No,3,4,5,2
No,Non-Travel,Research & Development,2,Medical,2,4,Manager,4,16792,No,4,3,20,11
No,Travel_Rarely,Research & Development,3,Life Sciences,4,1,Research Scientist,1,3564,Yes,3,2,8,1
No,Travel_Frequently,Research & Development,3,Medical,3,2,Laboratory Technician,2,4425,No,3,3,6,1
No,Non-Travel,Research & Development,2,Medical,3,2,Manufacturing Director,3,5265,No,3,3,5,0
No,Travel_Rarely,Research & Development,4,Life Sciences,3,2,Manufacturing Director,3,6553,No,3,3,1,0
No,Travel_Rarely,Research & Development,3,Technical Degree,3,2,Manufacturing Director,4,6261,No,3,1,7,1
No,Travel_Frequently,Research & Development,1,Technical Degree,2,2,Manufacturing Director,1,4298,No,3,3,2,2
No,Non-Travel,Research & Development,4,Life Sciences,3,2,Manufacturing Director,4,6804,Yes,3,3,7,1
No,Travel_Frequently,Research & Development,4,Medical,3,1,Research Scientist,3,3815,Yes,3,4,5,2
No,Travel_Rarely,Research & Development,2,Medical,3,2,Laboratory Technician,4,2741,Yes,3,4,7,3
Yes,Travel_Rarely,Research & Development,1,Medical,3,2,Healthcare Representative,1,6673,Yes,3,3,1,0
Yes,Travel_Rarely,Sales,3,Marketing,3,3,Sales Executive,4,7639,No,4,2,10,1
No,Travel_Rarely,Research & Development,3,Life Sciences,4,1,Research Scientist,2,2328,Yes,3,2,4,2
No,Travel_Frequently,Research & Development,1,Medical,3,1,Laboratory Technician,4,2153,No,3,3,8,1
No,Non-Travel,Research & Development,5,Life Sciences,2,2,Healthcare Representative,4,4876,No,3,1,3,0
No,Travel_Rarely,Research & Development,4,Medical,3,3,Healthcare Representative,1,9396,No,3,3,4,0
Yes,Travel_Rarely,Sales,4,Medical,1,3,Sales Executive,4,10400,No,3,2,14,9
No,Non-Travel,Research & Development,1,Life Sciences,2,3,Manufacturing Director,3,8474,No,4,3,11,5
No,Travel_Frequently,Sales,3,Life Sciences,3,2,Sales Executive,3,9981,No,3,3,7,0
No,Travel_Rarely,Research & Development,4,Life Sciences,2,3,Research Director,2,12490,No,3,1,10,4
Yes,Travel_Rarely,Research & Development,3,Technical Degree,3,1,Research Scientist,1,2657,Yes,3,3,5,0
No,Travel_Rarely,Sales,3,Life Sciences,3,3,Manager,4,13591,Yes,3,3,1,0
Yes,Travel_Frequently,Sales,4,Marketing,2,2,Sales Executive,1,6696,No,3,2,6,0
Yes,Travel_Rarely,Research & Development,3,Technical Degree,3,1,Research Scientist,3,2058,No,3,2,6,1
No,Non-Travel,Sales,3,Medical,2,3,Sales Executive,4,8865,No,3,3,19,12
No,Travel_Rarely,Sales,3,Marketing,3,2,Sales Executive,1,5940,No,3,3,6,0
No,Travel_Rarely,Research & Development,2,Life Sciences,3,2,Laboratory Technician,2,5914,No,3,4,13,3
No,Travel_Rarely,Research & Development,4,Medical,2,1,Research Scientist,2,2622,No,4,3,3,1
No,Travel_Frequently,Research & Development,3,Other,3,3,Research Director,4,12185,Yes,3,3,10,0
No,Travel_Rarely,Sales,3,Life Sciences,3,3,Sales Executive,3,10609,No,3,2,16,5
No,Non-Travel,Research & Development,4,Medical,1,2,Manufacturing Director,3,4345,No,3,3,5,1
No,Travel_Rarely,Research & Development,3,Life Sciences,2,1,Research Scientist,4,2177,No,3,3,1,0
No,Travel_Frequently,Sales,4,Marketing,3,1,Sales Representative,4,2793,No,3,3,9,5
No,Travel_Frequently,Sales,1,Medical,3,3,Sales Executive,4,7918,No,3,3,11,4
No,Travel_Frequently,Sales,3,Marketing,3,3,Sales Executive,3,8789,No,3,4,10,0
Yes,Travel_Rarely,Research & Development,1,Medical,2,1,Research Scientist,4,2389,Yes,3,2,4,0
No,Travel_Rarely,Research & Development,3,Life Sciences,2,1,Laboratory Technician,4,3212,No,3,2,2,2
No,Travel_Rarely,Research & Development,2,Technical Degree,3,5,Manager,4,19232,No,3,3,22,11
No,Travel_Rarely,Human Resources,2,Medical,3,1,Human Resources,3,2267,No,3,2,2,2
No,Travel_Rarely,Sales,4,Medical,3,5,Manager,4,19517,No,3,2,7,0
Yes,Travel_Rarely,Research & Development,3,Medical,3,1,Laboratory Technician,4,2436,Yes,3,1,5,0
No,Travel_Rarely,Sales,3,Marketing,3,4,Manager,4,16064,Yes,4,3,17,1
Yes,Travel_Rarely,Research & Development,2,Life Sciences,3,1,Laboratory Technician,1,2707,No,4,4,9,1
No,Non-Travel,Sales,4,Life Sciences,2,5,Manager,3,19068,Yes,3,4,33,15
No,Travel_Rarely,Sales,2,Life Sciences,3,1,Sales Representative,2,3931,No,3,3,4,1
Yes,Travel_Rarely,Research & Development,3,Life Sciences,2,1,Laboratory Technician,3,3730,Yes,3,1,3,1
No,Travel_Rarely,Research & Development,4,Medical,3,1,Laboratory Technician,3,2232,No,3,3,3,1
No,Non-Travel,Sales,4,Marketing,3,2,Sales Executive,4,4465,No,3,3,3,2
No,Travel_Rarely,Research & Development,2,Life Sciences,3,2,Research Scientist,1,3072,No,3,2,1,0
No,Travel_Rarely,Research & Development,2,Technical Degree,3,2,Research Scientist,4,3319,No,3,3,9,4
No,Travel_Rarely,Research & Development,3,Other,4,5,Manager,4,19202,No,3,3,24,1
No,Travel_Frequently,Research & Development,4,Medical,3,3,Research Director,3,13675,No,3,3,2,2
No,Travel_Rarely,Research & Development,4,Life Sciences,2,1,Research Scientist,4,2911,No,3,2,2,0
No,Travel_Rarely,Research & Development,4,Life Sciences,2,2,Manufacturing Director,1,5957,No,3,3,11,5
No,Travel_Rarely,Research & Development,2,Medical,2,1,Research Scientist,1,3920,No,3,2,3,0
No,Travel_Frequently,Research & Development,4,Life Sciences,4,2,Manufacturing Director,3,6434,No,3,3,3,0
Yes,Travel_Frequently,Research & Development,3,Medical,3,3,Manufacturing Director,3,10048,No,3,3,1,0
No,Travel_Frequently,Research & Development,4,Technical Degree,3,3,Healthcare Representative,3,10938,No,4,3,19,11
No,Travel_Rarely,Research & Development,3,Life Sciences,3,1,Research Scientist,4,2340,No,3,3,6,1
No,Travel_Rarely,Research & Development,2,Life Sciences,4,2,Research Scientist,1,6545,Yes,3,3,3,0
No,Travel_Rarely,Sales,2,Marketing,3,2,Sales Executive,4,6931,No,3,3,3,0
No,Travel_Rarely,Research & Development,3,Life Sciences,3,2,Manufacturing Director,3,4898,No,3,3,4,1
No,Travel_Rarely,Research & Development,3,Medical,2,1,Laboratory Technician,1,2593,Yes,3,3,9,7
No,Travel_Rarely,Research & Development,2,Medical,3,5,Research Director,3,19436,No,3,3,21,3
No,Travel_Rarely,Research & Development,3,Life Sciences,3,1,Research Scientist,4,2723,No,3,2,1,0
Yes,Travel_Frequently,Research & Development,2,Medical,2,1,Laboratory Technician,2,3479,No,3,4,5,1
No,Travel_Frequently,Research & Development,3,Life Sciences,4,1,Laboratory Technician,2,2794,No,4,1,5,0
No,Non-Travel,Sales,2,Life Sciences,2,2,Sales Executive,4,5249,No,3,3,8,7
No,Travel_Rarely,Research & Development,1,Technical Degree,2,2,Laboratory Technician,1,2176,No,3,3,6,0
No,Travel_Rarely,Sales,3,Technical Degree,1,4,Manager,2,16872,Yes,3,2,7,7
Yes,Travel_Rarely,Research & Development,4,Life Sciences,3,1,Laboratory Technician,3,3485,No,3,1,0,0
No,Travel_Rarely,Sales,3,Medical,2,2,Sales Executive,2,6644,No,3,3,0,0
No,Travel_Rarely,Research & Development,3,Medical,2,2,Healthcare Representative,4,5582,No,4,3,9,7
No,Non-Travel,Research & Development,2,Life Sciences,4,2,Healthcare Representative,1,4000,No,3,3,6,1
No,Travel_Rarely,Research & Development,2,Medical,3,4,Healthcare Representative,4,13496,Yes,3,3,20,4
No,Travel_Rarely,Research & Development,3,Life Sciences,3,1,Laboratory Technician,4,3210,No,3,3,15,10
No,Travel_Rarely,Research & Development,3,Medical,3,5,Manager,1,19045,Yes,3,3,36,4
Yes,Non-Travel,Research & Development,4,Life Sciences,3,3,Manager,2,11849,Yes,3,2,10,9
No,Travel_Rarely,Research & Development,3,Medical,3,1,Research Scientist,4,2070,No,4,2,5,0
No,Travel_Rarely,Sales,4,Medical,3,2,Sales Executive,4,6502,No,3,4,5,0
No,Travel_Rarely,Research & Development,2,Medical,2,1,Research Scientist,3,3230,No,3,4,3,1
No,Non-Travel,Research & Development,4,Medical,3,3,Research Director,4,13603,Yes,3,3,5,0
No,Travel_Rarely,Research & Development,3,Life Sciences,4,3,Manager,2,11996,No,3,2,7,6
No,Travel_Rarely,Sales,2,Medical,4,2,Sales Executive,1,5605,Yes,4,3,8,7
No,Travel_Frequently,Research & Development,3,Life Sciences,3,2,Manufacturing Director,2,6397,No,4,1,6,1
No,Travel_Rarely,Research & Development,1,Life Sciences,3,5,Research Director,2,19144,No,3,2,10,1
No,Travel_Rarely,Research & Development,4,Medical,3,4,Research Director,3,17584,Yes,3,2,5,1
No,Travel_Rarely,Sales,1,Life Sciences,3,2,Sales Executive,3,4907,No,4,3,20,11
No,Travel_Frequently,Sales,2,Life Sciences,3,2,Sales Executive,4,4554,No,3,2,10,0
No,Travel_Rarely,Research & Development,2,Technical Degree,3,2,Laboratory Technician,4,5415,Yes,3,3,10,0
No,Travel_Frequently,Research & Development,2,Medical,3,2,Healthcare Representative,1,4741,Yes,3,3,5,3
No,Travel_Rarely,Research & Development,3,Life Sciences,3,1,Research Scientist,4,2115,No,3,3,17,5
Yes,Travel_Frequently,Research & Development,3,Life Sciences,3,1,Laboratory Technician,3,3161,Yes,4,1,1,0
No,Travel_Rarely,Research & Development,4,Life Sciences,3,2,Healthcare Representative,4,5745,No,3,3,2,1
Yes,Travel_Rarely,Research & Development,4,Medical,3,1,Laboratory Technician,2,2373,Yes,3,3,3,0
No,Travel_Rarely,Research & Development,2,Life Sciences,3,1,Research Scientist,4,3310,No,4,3,5,0
No,Travel_Frequently,Research & Development,4,Life Sciences,3,5,Research Director,1,18665,Yes,3,3,3,1
No,Travel_Rarely,Research & Development,3,Technical Degree,3,2,Research Scientist,2,4485,No,3,3,8,7
No,Travel_Frequently,Sales,3,Marketing,3,1,Sales Representative,2,2789,No,3,2,2,2
Yes,Travel_Rarely,Sales,4,Marketing,2,2,Sales Executive,4,5828,Yes,3,3,8,7
No,Travel_Frequently,Research & Development,3,Medical,3,1,Research Scientist,4,2326,Yes,3,2,4,1
No,Travel_Frequently,Sales,3,Marketing,3,4,Sales Executive,2,13525,No,3,4,20,4
Yes,Travel_Rarely,Research & Development,3,Life Sciences,3,1,Laboratory Technician,3,1420,No,3,3,0,0
No,Travel_Rarely,Sales,3,Marketing,3,3,Sales Executive,2,8020,No,3,2,11,6
No,Travel_Frequently,Research & Development,4,Life Sciences,4,1,Laboratory Technician,4,3688,No,3,3,1,0
No,Travel_Rarely,Research & Development,3,Medical,1,2,Manufacturing Director,2,5482,No,3,3,4,1
No,Travel_Rarely,Sales,4,Life Sciences,3,4,Manager,2,16015,No,3,3,22,0
No,Travel_Rarely,Sales,3,Medical,2,1,Sales Representative,3,1200,No,3,3,0,0
No,Travel_Rarely,Research & Development,2,Medical,4,2,Healthcare Representative,1,5661,No,3,3,8,0
No,Travel_Rarely,Sales,3,Technical Degree,4,2,Sales Executive,4,6929,No,3,2,8,7
No,Travel_Rarely,Research & Development,3,Medical,4,3,Healthcare Representative,4,9613,No,3,2,18,3
No,Non-Travel,Research & Development,4,Life Sciences,3,2,Laboratory Technician,2,5674,No,3,3,9,0
No,Travel_Rarely,Sales,3,Life Sciences,2,2,Sales Executive,3,5484,No,3,2,13,4
No,Travel_Rarely,Research & Development,2,Life Sciences,2,3,Research Director,2,12061,No,3,3,10,0
No,Non-Travel,Research & Development,4,Life Sciences,1,2,Healthcare Representative,3,5660,Yes,3,3,5,1
No,Travel_Rarely,Research & Development,4,Technical Degree,3,1,Research Scientist,4,4821,Yes,3,3,5,0
No,Travel_Rarely,Human Resources,3,Human Resources,2,2,Human Resources,1,6410,No,3,3,2,1
No,Travel_Frequently,Research & Development,3,Life Sciences,3,3,Laboratory Technician,1,5210,No,3,3,24,9
No,Travel_Rarely,Research & Development,4,Life Sciences,3,1,Research Scientist,4,2695,Yes,3,1,2,2
No,Travel_Frequently,Research & Development,4,Life Sciences,3,3,Manager,2,11878,No,3,3,10,8
No,Travel_Rarely,Research & Development,1,Medical,3,4,Manager,1,17068,Yes,3,3,21,11
No,Travel_Frequently,Research & Development,4,Life Sciences,3,1,Laboratory Technician,4,2455,No,3,3,8,1
No,Travel_Rarely,Research & Development,2,Technical Degree,2,4,Healthcare Representative,3,13964,Yes,3,3,7,0
Yes,Travel_Rarely,Research & Development,4,Medical,2,2,Research Scientist,2,4941,No,3,2,8,7
No,Travel_Rarely,Research & Development,3,Life Sciences,3,1,Research Scientist,2,2478,Yes,3,2,4,1
No,Travel_Rarely,Sales,2,Technical Degree,2,2,Sales Executive,2,5228,Yes,3,3,13,11
No,Travel_Rarely,Sales,3,Life Sciences,3,2,Sales Executive,3,4478,Yes,3,3,5,0
No,Travel_Rarely,Sales,3,Marketing,3,2,Sales Executive,4,7547,No,3,3,7,1
No,Travel_Rarely,Research & Development,4,Medical,4,2,Research Scientist,4,5055,No,3,2,7,0
Yes,Travel_Rarely,Research & Development,4,Medical,1,1,Research Scientist,4,3464,Yes,3,2,3,2
No,Travel_Rarely,Research & Development,2,Medical,3,2,Research Scientist,4,5775,No,3,3,10,1
No,Travel_Frequently,Research & Development,2,Life Sciences,2,3,Manufacturing Director,3,8943,No,4,3,10,8
No,Travel_Frequently,Research & Development,2,Medical,2,5,Manager,4,19272,No,3,3,21,13
Yes,Travel_Rarely,Sales,2,Medical,3,2,Sales Executive,3,5238,Yes,3,2,1,0
No,Travel_Frequently,Sales,3,Marketing,2,2,Sales Executive,4,4682,No,3,2,7,0
No,Travel_Rarely,Research & Development,5,Life Sciences,3,5,Research Director,3,18300,No,3,3,3,1
No,Travel_Frequently,Research & Development,4,Life Sciences,2,2,Laboratory Technician,3,5257,No,3,4,9,0
No,Non-Travel,Sales,1,Marketing,3,2,Sales Executive,2,6349,Yes,3,3,5,1
No,Travel_Frequently,Research & Development,4,Life Sciences,3,2,Research Scientist,3,4869,No,3,2,4,0
No,Travel_Rarely,Research & Development,3,Life Sciences,3,3,Healthcare Representative,1,9985,No,3,2,1,0
No,Travel_Rarely,Research & Development,4,Other,3,2,Research Scientist,4,3697,No,3,3,10,9
No,Travel_Rarely,Sales,2,Medical,1,2,Sales Executive,4,7457,Yes,4,2,4,0
Yes,Travel_Rarely,Research & Development,4,Other,1,1,Laboratory Technician,1,2119,Yes,3,2,7,0
No,Travel_Rarely,Research & Development,5,Other,2,1,Laboratory Technician,4,3983,No,3,3,3,2
No,Travel_Rarely,Sales,3,Marketing,2,2,Sales Executive,3,6118,No,3,3,10,1
No,Travel_Rarely,Sales,4,Marketing,3,2,Sales Executive,2,6214,No,3,3,8,0
No,Travel_Rarely,Research & Development,2,Medical,3,2,Manufacturing Director,4,6347,No,3,2,6,0
No,Travel_Rarely,Research & Development,2,Life Sciences,2,3,Research Director,4,11510,Yes,3,3,11,2
No,Travel_Rarely,Research & Development,4,Medical,3,3,Manufacturing Director,4,7143,Yes,3,2,11,4
No,Travel_Rarely,Sales,1,Marketing,2,2,Sales Executive,2,8268,Yes,3,3,7,1
No,Travel_Rarely,Research & Development,4,Technical Degree,3,3,Manufacturing Director,2,8095,No,3,3,16,0
No,Travel_Rarely,Research & Development,1,Life Sciences,3,1,Research Scientist,4,2904,No,3,2,4,0
No,Travel_Rarely,Research & Development,3,Medical,2,2,Manufacturing Director,2,6032,Yes,3,3,5,1
No,Travel_Frequently,Sales,1,Medical,3,2,Sales Representative,3,2976,No,3,3,0,0
No,Travel_Rarely,Research & Development,5,Life Sciences,3,4,Research Director,4,15992,No,3,3,1,0
No,Non-Travel,Sales,3,Life Sciences,3,2,Sales Executive,3,4649,No,3,2,4,0
No,Travel_Rarely,Human Resources,1,Technical Degree,3,1,Human Resources,3,2696,Yes,3,3,3,1
No,Travel_Rarely,Research & Development,3,Medical,3,1,Laboratory Technician,2,2370,No,3,3,8,0
No,Travel_Rarely,Sales,1,Medical,3,3,Manager,3,12504,No,4,1,0,0
No,Travel_Rarely,Research & Development,3,Medical,4,2,Research Scientist,1,5974,Yes,3,3,7,6
No,Non-Travel,Sales,2,Technical Degree,3,2,Sales Executive,3,4736,Yes,3,4,2,2
No,Travel_Rarely,Sales,3,Life Sciences,3,2,Sales Executive,3,5296,No,3,3,8,7
No,Travel_Rarely,Research & Development,4,Other,2,2,Healthcare Representative,4,6781,No,4,3,1,0
Yes,Travel_Frequently,Sales,1,Technical Degree,2,1,Sales Representative,2,2174,Yes,3,3,3,1
No,Non-Travel,Sales,5,Medical,3,2,Sales Executive,4,6653,No,3,3,1,0
No,Travel_Frequently,Sales,4,Medical,2,3,Sales Executive,4,9699,No,3,3,13,1
No,Travel_Rarely,Research & Development,4,Medical,3,2,Healthcare Representative,3,6755,No,3,3,3,1
No,Travel_Rarely,Research & Development,4,Life Sciences,4,1,Laboratory Technician,3,2213,Yes,3,3,7,1
No,Non-Travel,Sales,2,Medical,3,1,Sales Representative,4,2610,No,4,2,3,2
Yes,Travel_Rarely,Sales,3,Marketing,3,1,Sales Representative,3,2851,Yes,3,3,1,0
No,Travel_Rarely,Research & Development,3,Medical,3,1,Laboratory Technician,1,3452,No,4,3,5,0
No,Non-Travel,Research & Development,4,Medical,3,2,Manufacturing Director,3,5258,No,3,4,1,0
Yes,Travel_Frequently,Sales,3,Marketing,3,2,Sales Executive,2,9355,No,3,3,8,7
No,Travel_Rarely,Research & Development,3,Technical Degree,2,3,Healthcare Representative,4,10496,No,3,3,4,1
Yes,Travel_Rarely,Sales,2,Marketing,2,2,Sales Executive,3,6380,Yes,3,3,6,1
No,Travel_Rarely,Research & Development,4,Life Sciences,2,1,Research Scientist,2,2657,Yes,3,3,2,2
Yes,Travel_Rarely,Sales,3,Life Sciences,4,1,Sales Representative,2,2716,No,3,3,1,0
No,Travel_Rarely,Research & Development,3,Life Sciences,3,1,Research Scientist,4,2201,No,3,3,3,1
No,Travel_Rarely,Research & Development,4,Life Sciences,2,2,Healthcare Representative,2,6540,No,3,3,1,0
No,Travel_Rarely,Research & Development,2,Medical,3,1,Laboratory Technician,2,3816,No,3,3,5,0
No,Travel_Rarely,Sales,4,Life Sciences,3,2,Sales Executive,4,5253,No,3,3,7,0
No,Travel_Rarely,Research & Development,3,Other,2,3,Healthcare Representative,3,10965,No,4,3,5,0
No,Travel_Rarely,Sales,2,Life Sciences,3,2,Sales Executive,4,4936,No,3,2,7,0
No,Travel_Rarely,Research & Development,3,Life Sciences,3,1,Research Scientist,3,2543,No,3,3,2,2
Yes,Non-Travel,Sales,3,Marketing,4,2,Sales Executive,4,5304,Yes,3,2,5,0
No,Travel_Rarely,Research & Development,3,Life Sciences,3,4,Manager,4,16659,Yes,3,3,5,1
No,Travel_Rarely,Sales,4,Marketing,3,2,Sales Executive,3,4260,Yes,3,4,5,0
No,Travel_Rarely,Sales,1,Technical Degree,3,1,Sales Representative,2,2476,No,3,3,1,0
Yes,Travel_Frequently,Research & Development,1,Technical Degree,3,1,Research Scientist,1,3102,No,4,3,6,0
No,Travel_Rarely,Research & Development,3,Medical,3,1,Research Scientist,2,2244,No,3,3,2,1
No,Travel_Rarely,Sales,2,Medical,2,3,Sales Executive,3,7596,No,3,3,10,9
Yes,Travel_Frequently,Research & Development,3,Technical Degree,3,1,Research Scientist,4,2285,Yes,4,3,1,0
No,Travel_Rarely,Research & Development,3,Life Sciences,3,1,Laboratory Technician,1,3034,No,3,2,18,12
No,Travel_Rarely,Sales,2,Marketing,3,2,Sales Executive,2,5715,No,3,3,5,1
No,Travel_Rarely,Research & Development,4,Life Sciences,3,1,Laboratory Technician,1,2576,No,3,3,5,1
No,Travel_Rarely,Research & Development,4,Life Sciences,3,2,Manufacturing Director,2,4197,Yes,3,2,1,0
No,Travel_Rarely,Research & Development,3,Life Sciences,2,4,Research Director,2,14336,No,3,3,25,3
No,Travel_Rarely,Research & Development,3,Medical,2,2,Laboratory Technician,3,3448,No,4,3,1,0
No,Travel_Rarely,Research & Development,2,Medical,3,5,Research Director,1,19406,No,3,2,4,1
No,Non-Travel,Sales,4,Marketing,3,2,Sales Executive,3,6538,No,3,3,3,1
No,Travel_Rarely,Research & Development,2,Medical,3,2,Manufacturing Director,1,4306,No,3,1,13,3
No,Travel_Frequently,Research & Development,3,Medical,3,1,Laboratory Technician,4,2258,No,4,3,3,1
No,Travel_Rarely,Research & Development,4,Other,3,2,Healthcare Representative,3,4522,Yes,3,3,5,0
No,Travel_Rarely,Sales,2,Life Sciences,2,2,Sales Executive,4,4487,Yes,3,3,5,1
No,Non-Travel,Research & Development,5,Medical,3,2,Research Scientist,3,4449,Yes,3,3,13,10
No,Travel_Rarely,Research & Development,2,Life Sciences,2,1,Laboratory Technician,1,2218,No,3,3,4,3
No,Travel_Frequently,Research & Development,1,Life Sciences,3,5,Manager,3,19197,Yes,3,3,21,1
No,Travel_Frequently,Sales,3,Life Sciences,4,4,Sales Executive,1,13212,No,3,2,7,7
No,Travel_Rarely,Sales,3,Technical Degree,3,2,Sales Executive,3,6577,No,3,3,5,4
No,Travel_Rarely,Sales,3,Marketing,4,3,Sales Executive,1,8392,No,3,3,10,0
No,Travel_Rarely,Research & Development,2,Medical,3,2,Laboratory Technician,1,4558,No,3,3,10,1
Yes,Travel_Rarely,Research & Development,3,Medical,3,1,Laboratory Technician,1,4031,No,3,3,2,0
No,Travel_Rarely,Research & Development,3,Medical,2,3,Manufacturing Director,3,7969,Yes,3,3,5,0
No,Travel_Rarely,Research & Development,2,Life Sciences,3,1,Research Scientist,4,2654,No,4,2,2,0
No,Travel_Rarely,Research & Development,2,Life Sciences,3,4,Manager,4,16555,No,3,1,5,1
No,Travel_Frequently,Research & Development,2,Life Sciences,3,2,Research Scientist,3,4556,No,3,3,5,0
No,Travel_Rarely,Research & Development,3,Life Sciences,1,2,Manufacturing Director,4,6091,No,4,3,5,0
No,Travel_Rarely,Research & Development,3,Life Sciences,3,5,Manager,1,19566,No,3,1,29,11
No,Travel_Rarely,Research & Development,3,Medical,3,2,Manufacturing Director,3,4810,No,3,2,10,0
No,Travel_Frequently,Research & Development,4,Technical Degree,2,2,Healthcare Representative,4,4523,No,3,4,6,0
Yes,Travel_Rarely,Sales,1,Technical Degree,3,1,Sales Representative,2,3202,Yes,3,3,5,1
Yes,Travel_Frequently,Sales,2,Marketing,1,1,Sales Representative,3,2351,No,3,2,2,1
No,Travel_Frequently,Research & Development,2,Life Sciences,3,1,Laboratory Technician,4,1702,Yes,4,3,1,0
No,Travel_Rarely,Sales,4,Life Sciences,3,5,Manager,3,18041,No,3,3,20,1
No,Travel_Rarely,Research & Development,3,Life Sciences,3,1,Research Scientist,4,2886,No,4,1,3,0
No,Non-Travel,Research & Development,3,Life Sciences,3,1,Laboratory Technician,4,2097,No,3,1,5,1
No,Travel_Rarely,Research & Development,4,Medical,2,3,Research Director,3,11935,No,3,3,10,0
Yes,Travel_Rarely,Research & Development,5,Technical Degree,2,1,Research Scientist,2,2546,No,3,4,2,1
Yes,Travel_Rarely,Human Resources,2,Technical Degree,2,1,Human Resources,4,2564,No,3,4,1,0
No,Non-Travel,Sales,4,Other,3,3,Sales Executive,1,8412,No,3,3,9,7
No,Travel_Rarely,Sales,3,Marketing,2,4,Manager,4,14118,No,3,2,1,0
No,Travel_Rarely,Research & Development,4,Life Sciences,2,4,Manager,3,17046,No,3,3,27,15
No,Non-Travel,Research & Development,3,Medical,3,1,Laboratory Technician,4,2564,No,3,2,11,6
No,Travel_Frequently,Sales,3,Marketing,2,3,Sales Executive,1,10266,No,3,4,18,13
No,Travel_Rarely,Research & Development,2,Medical,3,2,Manufacturing Director,4,5070,No,3,3,5,0
No,Travel_Rarely,Research & Development,3,Life Sciences,3,4,Research Director,3,17861,No,3,1,3,0
No,Travel_Rarely,Research & Development,3,Life Sciences,1,1,Laboratory Technician,3,4230,No,3,3,5,4
No,Travel_Rarely,Research & Development,4,Life Sciences,3,2,Laboratory Technician,3,3780,No,3,3,1,0
No,Travel_Rarely,Research & Development,4,Life Sciences,2,1,Research Scientist,3,2768,No,3,3,7,5
No,Travel_Rarely,Sales,3,Marketing,2,3,Sales Executive,4,9071,Yes,3,3,3,1
No,Travel_Rarely,Research & Development,1,Life Sciences,3,3,Manufacturing Director,2,10648,No,4,4,13,0
Yes,Travel_Rarely,Research & Development,1,Medical,3,3,Manager,3,13610,Yes,3,4,7,7
Yes,Travel_Rarely,Research & Development,1,Medical,1,1,Laboratory Technician,4,3408,No,3,3,4,1
No,Travel_Rarely,Sales,1,Marketing,3,1,Sales Representative,2,2983,No,3,3,3,1
No,Travel_Rarely,Research & Development,3,Life Sciences,3,3,Healthcare Representative,3,7632,Yes,3,3,8,0
Yes,Travel_Frequently,Research & Development,3,Life Sciences,3,3,Healthcare Representative,3,9824,No,3,3,1,0
Yes,Travel_Frequently,Human Resources,3,Human Resources,3,3,Human Resources,1,9950,Yes,3,3,3,0
No,Travel_Frequently,Research & Development,2,Other,3,1,Laboratory Technician,3,2093,No,3,3,2,2
No,Non-Travel,Sales,4,Medical,3,3,Sales Executive,4,9980,No,3,2,10,9
Yes,Travel_Frequently,Research & Development,1,Technical Degree,2,1,Laboratory Technician,3,3894,No,3,3,2,1
No,Travel_Rarely,Sales,5,Marketing,3,2,Sales Executive,4,4051,No,3,3,9,6
No,Travel_Rarely,Sales,5,Life Sciences,3,4,Manager,2,16835,No,4,3,10,7
No,Non-Travel,Sales,2,Life Sciences,3,2,Sales Executive,4,6230,No,3,3,14,1
No,Travel_Rarely,Sales,3,Marketing,3,2,Sales Executive,3,4717,No,3,3,11,6
No,Travel_Rarely,Research & Development,3,Life Sciences,3,4,Manufacturing Director,3,13237,No,3,3,20,5
No,Travel_Frequently,Research & Development,1,Life Sciences,3,1,Laboratory Technician,3,3755,No,3,3,8,0
No,Travel_Rarely,Sales,1,Life Sciences,3,2,Sales Executive,4,6582,Yes,3,4,6,0
No,Travel_Rarely,Research & Development,3,Medical,3,3,Manufacturing Director,1,7406,Yes,4,2,10,5
No,Travel_Rarely,Sales,3,Other,3,2,Sales Executive,2,4805,No,3,4,8,3
Yes,Travel_Frequently,Human Resources,4,Life Sciences,3,1,Human Resources,3,2741,Yes,3,2,7,1
No,Travel_Rarely,Research & Development,3,Technical Degree,3,2,Manufacturing Director,4,4262,No,3,4,3,1
No,Travel_Rarely,Research & Development,5,Medical,4,4,Research Director,3,16184,No,3,3,6,0
No,Travel_Rarely,Sales,3,Life Sciences,2,3,Manager,4,11557,No,4,2,5,0
Yes,Travel_Frequently,Sales,3,Marketing,3,1,Sales Representative,2,1878,Yes,3,3,0,0
No,Non-Travel,Sales,3,Other,1,3,Sales Executive,1,10932,No,3,3,1,0
No,Non-Travel,Research & Development,4,Other,2,2,Healthcare Representative,3,6811,Yes,3,3,8,0
No,Travel_Rarely,Sales,2,Medical,3,2,Sales Executive,3,4306,No,3,3,0,0
No,Travel_Rarely,Sales,3,Medical,3,2,Sales Executive,3,4859,No,3,3,5,0
No,Travel_Rarely,Sales,4,Life Sciences,4,2,Sales Executive,4,5337,No,3,3,10,5
Yes,Travel_Rarely,Research & Development,3,Technical Degree,1,1,Laboratory Technician,4,2340,Yes,3,1,1,0
No,Travel_Rarely,Research & Development,3,Technical Degree,3,3,Manufacturing Director,4,7491,No,3,4,6,1
No,Travel_Frequently,Research & Development,1,Medical,3,3,Healthcare Representative,3,10527,No,3,2,2,1
No,Travel_Rarely,Sales,5,Life Sciences,3,4,Manager,1,16595,No,3,3,18,11
No,Non-Travel,Sales,4,Medical,3,3,Sales Executive,2,8834,No,3,3,9,7
No,Travel_Rarely,Research & Development,2,Technical Degree,3,2,Research Scientist,1,5577,Yes,3,3,10,6
Yes,Non-Travel,Sales,4,Other,4,2,Sales Executive,3,4707,No,3,3,4,1
No,Travel_Frequently,Sales,3,Medical,3,1,Sales Representative,4,2400,No,3,3,2,2
No,Travel_Rarely,Research & Development,3,Medical,3,2,Healthcare Representative,3,9824,No,3,3,1,0
No,Travel_Rarely,Research & Development,4,Life Sciences,3,2,Manufacturing Director,2,6447,No,3,2,6,4
No,Travel_Rarely,Research & Development,4,Life Sciences,2,5,Research Director,3,19502,Yes,3,3,31,0
No,Travel_Rarely,Research & Development,3,Medical,4,1,Research Scientist,4,2725,Yes,3,3,6,1
No,Travel_Rarely,Sales,2,Marketing,3,2,Sales Executive,2,6272,No,4,4,5,1
No,Travel_Rarely,Research & Development,2,Other,2,1,Laboratory Technician,2,2127,No,4,3,1,0
No,Travel_Frequently,Human Resources,3,Medical,3,5,Manager,2,18200,No,3,3,32,10
No,Travel_Rarely,Sales,1,Medical,3,1,Sales Representative,3,2096,No,3,3,7,0
Yes,Travel_Frequently,Research & Development,3,Life Sciences,3,1,Laboratory Technician,3,2886,Yes,3,3,6,1
Yes,Travel_Frequently,Sales,4,Life Sciences,2,1,Sales Representative,1,2033,No,3,4,1,0
No,Travel_Rarely,Research & Development,2,Life Sciences,2,1,Research Scientist,4,3622,Yes,3,3,6,1
Yes,Travel_Rarely,Sales,4,Medical,3,2,Sales Executive,1,4233,No,3,1,3,1
No,Travel_Rarely,Research & Development,2,Other,2,2,Laboratory Technician,4,3681,No,3,3,3,0
No,Travel_Rarely,Sales,4,Medical,4,2,Sales Executive,4,5460,No,4,4,7,5
No,Travel_Rarely,Research & Development,4,Medical,2,1,Research Scientist,3,2187,No,3,2,5,0
No,Travel_Rarely,Sales,3,Marketing,3,2,Sales Executive,3,9602,Yes,3,2,3,1
No,Travel_Rarely,Research & Development,3,Life Sciences,2,1,Research Scientist,2,2836,No,3,4,1,0
No,Travel_Rarely,Research & Development,4,Life Sciences,3,2,Healthcare Representative,4,4089,No,3,3,10,2
No,Travel_Rarely,Research & Development,4,Other,2,4,Research Director,4,16627,Yes,3,2,1,0
No,Travel_Rarely,Research & Development,1,Life Sciences,3,1,Research Scientist,1,2619,No,3,2,0,0
No,Travel_Frequently,Research & Development,5,Medical,3,2,Laboratory Technician,3,5679,Yes,3,3,8,4
No,Travel_Rarely,Research & Development,4,Life Sciences,2,4,Manager,1,15402,No,3,1,3,0
No,Travel_Rarely,Human Resources,4,Life Sciences,2,2,Human Resources,3,5985,No,3,4,2,0
No,Travel_Rarely,Sales,3,Technical Degree,3,1,Sales Representative,3,2579,Yes,3,3,8,0
Yes,Travel_Rarely,Sales,1,Marketing,3,1,Sales Representative,1,3041,No,3,3,4,0
No,Travel_Rarely,Sales,1,Technical Degree,3,1,Sales Representative,3,3447,No,3,3,3,1
No,Travel_Rarely,Research & Development,4,Other,3,5,Manager,4,19513,Yes,3,4,2,0
No,Travel_Rarely,Research & Development,1,Medical,3,1,Research Scientist,3,2773,No,4,3,2,2
No,Travel_Rarely,Sales,4,Marketing,3,2,Sales Executive,3,7104,No,3,3,5,1
No,Travel_Rarely,Research & Development,4,Life Sciences,3,2,Research Scientist,4,6322,Yes,3,2,6,0
No,Travel_Frequently,Research & Development,3,Medical,3,1,Research Scientist,3,2083,No,4,3,1,0
No,Travel_Rarely,Sales,1,Medical,3,2,Sales Executive,1,8381,No,4,4,14,8
No,Travel_Rarely,Research & Development,5,Life Sciences,3,1,Research Scientist,4,2691,No,3,2,10,8
Yes,Travel_Frequently,Sales,4,Life Sciences,3,2,Sales Executive,1,4286,No,3,3,1,0
No,Travel_Rarely,Research & Development,3,Life Sciences,3,1,Laboratory Technician,4,2659,Yes,3,3,3,0
No,Travel_Rarely,Research & Development,3,Other,3,3,Manufacturing Director,3,9434,No,3,3,10,7
No,Travel_Rarely,Sales,2,Medical,3,2,Sales Executive,3,5561,No,3,2,6,1
No,Travel_Rarely,Research & Development,4,Life Sciences,1,2,Research Scientist,4,6646,No,3,3,17,11
No,Travel_Frequently,Research & Development,3,Life Sciences,3,2,Healthcare Representative,4,7725,No,4,1,13,4
No,Travel_Rarely,Human Resources,4,Medical,3,3,Human Resources,2,10725,No,3,4,9,7
No,Travel_Rarely,Research & Development,2,Medical,2,2,Manufacturing Director,2,8847,Yes,3,3,3,0
No,Travel_Rarely,Research & Development,4,Medical,2,1,Research Scientist,4,2045,No,3,3,4,1
Yes,Travel_Rarely,Research & Development,1,Medical,3,1,Research Scientist,3,1009,Yes,3,3,1,1
Yes,Travel_Frequently,Research & Development,3,Life Sciences,3,1,Research Scientist,1,3348,Yes,3,3,10,9
No,Non-Travel,Research & Development,3,Life Sciences,2,1,Laboratory Technician,3,1281,No,3,3,1,0
No,Travel_Rarely,Research & Development,3,Medical,4,1,Research Scientist,1,2819,No,3,4,3,0
No,Travel_Rarely,Sales,3,Life Sciences,4,2,Sales Executive,2,4851,No,4,3,3,1
No,Travel_Rarely,Sales,4,Marketing,2,2,Sales Executive,4,4028,No,4,3,7,0
No,Travel_Frequently,Research & Development,4,Life Sciences,1,1,Research Scientist,4,2720,No,3,3,10,2
No,Travel_Rarely,Sales,1,Marketing,4,2,Sales Executive,2,8120,No,3,3,2,2
No,Travel_Frequently,Sales,1,Medical,4,2,Sales Executive,4,4647,Yes,4,3,6,0
No,Travel_Rarely,Research & Development,2,Life Sciences,4,1,Research Scientist,4,4680,No,3,3,1,0
No,Travel_Rarely,Research & Development,1,Medical,4,1,Laboratory Technician,3,3221,Yes,3,3,20,3
No,Travel_Rarely,Research & Development,3,Medical,2,3,Healthcare Representative,2,8621,No,3,4,8,7
Yes,Travel_Rarely,Sales,2,Life Sciences,3,2,Sales Executive,3,4577,No,3,3,2,2
No,Travel_Rarely,Research & Development,4,Technical Degree,2,2,Healthcare Representative,3,4553,No,3,3,20,11
No,Travel_Rarely,Sales,3,Marketing,3,2,Sales Executive,4,5396,No,3,2,10,0
Yes,Travel_Frequently,Sales,2,Technical Degree,3,2,Sales Executive,3,6796,Yes,3,3,4,1
No,Travel_Rarely,Research & Development,4,Life Sciences,4,2,Healthcare Representative,4,7625,No,3,2,9,1
No,Travel_Rarely,Research & Development,2,Life Sciences,3,3,Manufacturing Director,1,7412,No,3,3,9,0
No,Travel_Rarely,Research & Development,2,Life Sciences,3,3,Research Director,4,11159,No,3,3,7,7
No,Travel_Rarely,Sales,4,Marketing,3,2,Sales Executive,1,4960,No,3,3,7,1
No,Travel_Frequently,Sales,4,Life Sciences,2,3,Sales Executive,1,10475,Yes,4,3,18,1
No,Travel_Rarely,Research & Development,3,Life Sciences,4,4,Research Director,3,14814,No,3,3,5,1
No,Travel_Rarely,Human Resources,4,Human Resources,2,5,Manager,4,19141,No,3,2,21,12
No,Travel_Rarely,Sales,4,Marketing,3,2,Sales Executive,1,5405,No,3,3,2,2
No,Travel_Frequently,Research & Development,2,Life Sciences,3,3,Manufacturing Director,1,8793,No,4,2,9,1
No,Travel_Rarely,Human Resources,3,Human Resources,2,5,Manager,3,19189,No,3,3,22,2
No,Travel_Rarely,Sales,4,Marketing,3,1,Sales Representative,2,3875,No,3,3,2,2
Yes,Travel_Rarely,Research & Development,2,Life Sciences,1,1,Research Scientist,2,2216,Yes,3,3,7,3
No,Non-Travel,Research & Development,3,Life Sciences,4,3,Research Director,1,11713,No,3,3,8,0
No,Travel_Rarely,Research & Development,3,Life Sciences,3,3,Manufacturing Director,3,7861,Yes,3,4,1,0
No,Non-Travel,Research & Development,3,Medical,1,1,Laboratory Technician,3,3708,No,3,3,5,1
No,Travel_Frequently,Sales,3,Medical,3,4,Sales Executive,3,13770,Yes,3,2,22,11
No,Travel_Rarely,Sales,5,Marketing,3,2,Sales Executive,4,5304,No,4,2,8,7
No,Travel_Rarely,Sales,3,Life Sciences,3,1,Sales Representative,3,2642,No,3,3,1,0
Yes,Travel_Frequently,Research & Development,3,Medical,4,1,Research Scientist,3,2759,Yes,3,3,2,2
No,Travel_Frequently,Sales,3,Life Sciences,2,2,Sales Executive,4,6804,No,3,3,2,2
No,Travel_Rarely,Research & Development,2,Medical,3,2,Healthcare Representative,3,6142,No,3,3,5,4
No,Travel_Rarely,Research & Development,1,Medical,3,1,Laboratory Technician,1,2500,No,3,4,4,0
No,Travel_Rarely,Human Resources,3,Human Resources,4,2,Human Resources,2,6389,No,3,1,8,3
No,Travel_Rarely,Research & Development,3,Medical,3,4,Healthcare Representative,4,11103,No,3,2,10,1
No,Travel_Rarely,Research & Development,1,Medical,2,1,Research Scientist,4,2342,Yes,4,2,4,2
No,Travel_Rarely,Research & Development,3,Medical,2,2,Healthcare Representative,1,6811,No,3,1,7,0
No,Travel_Rarely,Sales,3,Marketing,3,1,Sales Representative,2,2297,No,3,3,2,2
No,Travel_Rarely,Research & Development,3,Life Sciences,3,2,Laboratory Technician,4,2450,No,3,3,2,2
No,Non-Travel,Research & Development,4,Life Sciences,3,2,Healthcare Representative,1,5093,No,3,4,1,0
No,Travel_Frequently,Research & Development,4,Life Sciences,3,2,Laboratory Technician,4,5309,No,3,3,10,4
No,Travel_Rarely,Research & Development,5,Medical,3,1,Research Scientist,3,3057,Yes,3,1,1,0
No,Travel_Rarely,Research & Development,5,Life Sciences,3,2,Manufacturing Director,1,5121,No,3,3,0,0
No,Travel_Rarely,Sales,4,Marketing,2,4,Manager,1,16856,No,3,4,34,1
Yes,Travel_Rarely,Research & Development,4,Other,3,1,Research Scientist,4,2686,Yes,3,2,10,7
No,Travel_Rarely,Sales,1,Medical,3,2,Sales Executive,4,6180,No,4,2,6,1
No,Travel_Rarely,Sales,2,Technical Degree,1,2,Sales Representative,3,6632,No,3,3,8,3
No,Travel_Rarely,Research & Development,1,Medical,4,1,Research Scientist,3,3505,No,3,3,2,0
Yes,Travel_Frequently,Sales,2,Life Sciences,4,2,Sales Executive,3,6397,Yes,3,3,5,1
No,Travel_Rarely,Sales,3,Other,3,2,Sales Executive,4,6274,No,4,3,6,1
Yes,Travel_Rarely,Research & Development,3,Medical,3,5,Manager,1,19859,Yes,3,3,5,1
No,Non-Travel,Sales,4,Life Sciences,2,3,Sales Executive,1,7587,No,3,3,10,0
No,Non-Travel,Research & Development,4,Medical,3,1,Research Scientist,4,4258,No,3,3,4,1
No,Travel_Frequently,Research & Development,2,Life Sciences,1,1,Laboratory Technician,4,4364,No,3,3,2,2
No,Travel_Rarely,Research & Development,3,Medical,3,2,Healthcare Representative,3,4335,No,3,2,8,1
Yes,Travel_Rarely,Sales,3,Technical Degree,2,2,Sales Executive,1,5326,No,3,2,4,1
No,Travel_Rarely,Research & Development,4,Life Sciences,4,1,Research Scientist,4,3280,No,3,3,4,1
No,Travel_Rarely,Research & Development,4,Medical,3,2,Manufacturing Director,1,5485,Yes,3,3,5,1
No,Travel_Frequently,Sales,1,Marketing,3,2,Sales Executive,4,4342,No,3,3,4,1
No,Travel_Rarely,Research & Development,1,Life Sciences,3,1,Research Scientist,1,2782,Yes,3,2,5,4
No,Travel_Frequently,Research & Development,4,Life Sciences,4,2,Manufacturing Director,1,5980,Yes,3,3,15,4
No,Travel_Rarely,Research & Development,4,Medical,2,1,Research Scientist,1,4381,No,3,3,6,1
No,Travel_Rarely,Sales,4,Life Sciences,3,1,Sales Representative,4,2572,No,3,2,3,0
No,Travel_Rarely,Research & Development,3,Life Sciences,1,1,Laboratory Technician,3,3833,No,4,3,2,0
No,Travel_Frequently,Research & Development,2,Medical,4,2,Healthcare Representative,2,4244,No,4,3,8,3
No,Travel_Rarely,Sales,2,Life Sciences,3,2,Sales Executive,1,6500,No,3,3,3,1
No,Travel_Frequently,Research & Development,3,Life Sciences,3,5,Manager,4,18430,No,3,2,24,14
Yes,Travel_Rarely,Research & Development,3,Life Sciences,4,1,Laboratory Technician,1,1601,Yes,4,3,0,0
No,Non-Travel,Research & Development,3,Life Sciences,2,1,Laboratory Technician,2,2694,No,3,3,1,0
No,Travel_Rarely,Research & Development,4,Life Sciences,3,2,Laboratory Technician,3,3149,No,4,3,5,1
No,Travel_Rarely,Research & Development,3,Medical,3,4,Research Director,3,17639,No,3,3,4,0
Yes,Travel_Rarely,Research & Development,2,Life Sciences,2,1,Laboratory Technician,1,2319,Yes,3,3,1,0
No,Travel_Rarely,Research & Development,3,Medical,3,3,Research Director,3,11691,No,3,4,13,3
Yes,Travel_Rarely,Sales,3,Marketing,3,2,Sales Executive,1,5324,No,3,3,3,0
No,Travel_Rarely,Research & Development,2,Other,3,4,Manager,4,16752,Yes,3,2,26,3
No,Travel_Rarely,Research & Development,3,Other,3,2,Manufacturing Director,2,5228,No,3,3,9,0
No,Travel_Rarely,Research & Development,2,Life Sciences,4,1,Research Scientist,3,2700,No,4,3,10,0
Yes,Travel_Rarely,Research & Development,4,Life Sciences,3,5,Research Director,2,19246,Yes,3,3,31,13
No,Travel_Rarely,Research & Development,4,Life Sciences,4,1,Research Scientist,3,2506,No,3,3,2,2
No,Travel_Rarely,Research & Development,2,Life Sciences,2,2,Manufacturing Director,4,6062,Yes,3,3,4,0
Yes,Travel_Rarely,Research & Development,4,Medical,3,1,Research Scientist,3,4382,No,3,2,2,2
No,Travel_Rarely,Human Resources,3,Human Resources,3,1,Human Resources,2,2143,No,3,3,5,0
No,Travel_Rarely,Research & Development,3,Life Sciences,2,2,Manufacturing Director,3,6162,No,3,3,14,6
No,Travel_Frequently,Research & Development,4,Medical,2,2,Laboratory Technician,3,5094,No,3,3,1,0
No,Travel_Rarely,Research & Development,3,Medical,2,2,Manufacturing Director,4,6877,Yes,4,2,0,0
No,Travel_Rarely,Research & Development,3,Life Sciences,2,1,Research Scientist,3,2274,No,3,3,1,0
No,Travel_Rarely,Research & Development,3,Life Sciences,3,2,Manufacturing Director,2,4434,No,3,2,9,7
No,Travel_Frequently,Research & Development,3,Life Sciences,2,2,Healthcare Representative,1,6288,No,3,2,4,1
No,Travel_Frequently,Research & Development,4,Life Sciences,2,1,Research Scientist,4,2553,No,3,3,5,1
Yes,Travel_Rarely,Sales,3,Marketing,3,3,Sales Executive,4,7654,No,3,4,9,7
Yes,Travel_Rarely,Sales,1,Medical,3,2,Sales Executive,4,5160,No,3,2,9,7
No,Travel_Rarely,Research & Development,2,Life Sciences,3,4,Research Director,1,17159,No,4,3,4,1
No,Travel_Rarely,Research & Development,1,Technical Degree,2,3,Research Director,4,12808,Yes,3,3,9,0
No,Travel_Rarely,Research & Development,3,Other,3,3,Manufacturing Director,3,10221,No,4,4,8,1
No,Travel_Rarely,Sales,4,Marketing,3,2,Sales Executive,2,4779,Yes,4,3,8,7
No,Travel_Rarely,Human Resources,2,Human Resources,3,1,Human Resources,4,3737,No,3,1,3,0
Yes,Travel_Frequently,Research & Development,2,Medical,2,1,Research Scientist,3,2366,Yes,3,3,8,1
No,Non-Travel,Research & Development,3,Medical,3,1,Research Scientist,4,1706,No,3,2,0,0
No,Travel_Rarely,Sales,4,Marketing,3,4,Manager,3,16307,No,3,2,20,4
No,Travel_Rarely,Research & Development,3,Medical,3,2,Healthcare Representative,2,5933,No,3,2,5,2
No,Travel_Rarely,Research & Development,1,Medical,4,1,Research Scientist,1,3424,No,3,2,4,0
No,Travel_Rarely,Sales,3,Medical,4,2,Sales Executive,1,4037,No,4,3,9,0
No,Travel_Rarely,Research & Development,1,Medical,2,1,Research Scientist,1,2559,No,3,2,6,1
No,Travel_Rarely,Sales,2,Life Sciences,3,2,Sales Executive,4,6201,Yes,3,2,18,4
No,Travel_Rarely,Sales,4,Life Sciences,3,2,Sales Executive,4,4403,No,3,2,5,0
No,Travel_Frequently,Research & Development,4,Life Sciences,2,1,Research Scientist,4,3761,No,3,2,5,0
No,Travel_Rarely,Sales,2,Marketing,2,3,Sales Executive,4,10934,Yes,3,3,5,0
No,Travel_Rarely,Sales,3,Marketing,3,3,Sales Executive,1,10761,Yes,3,3,5,0
No,Travel_Rarely,Research & Development,2,Medical,4,2,Research Scientist,3,5175,No,3,2,5,1
No,Travel_Frequently,Research & Development,4,Medical,2,4,Manufacturing Director,4,13826,No,4,3,9,0
No,Travel_Rarely,Sales,4,Marketing,2,2,Sales Executive,3,6334,No,3,3,1,0
No,Travel_Rarely,Human Resources,2,Medical,2,1,Human Resources,4,4936,No,3,3,5,0
No,Travel_Rarely,Research & Development,2,Life Sciences,2,2,Manufacturing Director,4,4775,No,4,1,2,2
No,Travel_Rarely,Research & Development,4,Life Sciences,4,1,Laboratory Technician,4,2818,Yes,4,2,3,0
No,Travel_Frequently,Research & Development,1,Medical,3,1,Research Scientist,4,2515,Yes,3,3,2,2
No,Travel_Rarely,Human Resources,3,Life Sciences,2,1,Human Resources,1,2342,No,4,3,5,0
No,Travel_Rarely,Sales,1,Other,3,2,Sales Executive,1,4194,Yes,3,3,5,0
No,Travel_Rarely,Research & Development,3,Life Sciences,2,3,Manufacturing Director,3,10685,Yes,4,3,17,5
Yes,Travel_Frequently,Research & Development,4,Life Sciences,3,1,Research Scientist,2,2022,Yes,3,2,10,7
No,Non-Travel,Research & Development,3,Life Sciences,3,1,Laboratory Technician,4,2314,No,3,3,3,0
No,Travel_Rarely,Sales,1,Marketing,2,2,Sales Executive,1,4256,No,3,4,5,0
No,Travel_Rarely,Research & Development,3,Technical Degree,3,1,Research Scientist,1,3580,No,3,3,4,0
No,Non-Travel,Research & Development,1,Life Sciences,2,1,Laboratory Technician,4,3162,No,3,2,5,3
No,Travel_Frequently,Sales,2,Life Sciences,3,2,Sales Executive,2,6524,No,3,3,10,5
No,Travel_Rarely,Sales,3,Marketing,2,1,Sales Representative,2,2899,No,3,3,2,1
No,Travel_Rarely,Research & Development,3,Life Sciences,4,2,Laboratory Technician,4,5231,Yes,3,2,5,1
No,Travel_Rarely,Research & Development,4,Life Sciences,3,1,Research Scientist,4,2356,Yes,3,3,6,0
Yes,Travel_Rarely,Sales,3,Medical,2,1,Sales Representative,3,2800,Yes,3,3,3,0
No,Travel_Rarely,Sales,3,Marketing,3,4,Sales Executive,4,11836,No,3,3,2,2
No,Travel_Rarely,Research & Development,3,Technical Degree,2,3,Manufacturing Director,2,10903,No,3,3,13,4
No,Travel_Frequently,Sales,2,Medical,3,1,Sales Representative,4,2973,No,3,3,5,0
No,Travel_Rarely,Research & Development,4,Life Sciences,3,4,Research Director,4,14275,No,3,3,12,3
No,Travel_Frequently,Research & Development,3,Life Sciences,3,2,Healthcare Representative,4,5562,No,3,2,5,2
No,Travel_Rarely,Sales,2,Marketing,3,2,Sales Executive,4,4537,Yes,4,3,7,7
No,Non-Travel,Sales,2,Medical,3,3,Sales Executive,2,7642,Yes,3,3,10,0
No,Non-Travel,Research & Development,4,Life Sciences,3,4,Manager,1,17924,No,3,3,31,14
No,Travel_Rarely,Human Resources,3,Life Sciences,2,2,Human Resources,4,5204,No,3,3,5,0
No,Travel_Rarely,Human Resources,2,Human Resources,3,1,Human Resources,2,2277,Yes,3,4,4,0
Yes,Travel_Rarely,Research & Development,4,Life Sciences,3,1,Laboratory Technician,4,2795,Yes,4,1,1,0
No,Travel_Rarely,Research & Development,1,Medical,2,1,Laboratory Technician,4,2532,No,3,3,4,0
No,Travel_Rarely,Research & Development,2,Life Sciences,3,1,Research Scientist,1,2559,Yes,3,3,8,7
No,Travel_Rarely,Sales,4,Medical,3,2,Sales Executive,4,4908,No,3,3,4,0
Yes,Travel_Frequently,Research & Development,1,Life Sciences,2,1,Laboratory Technician,4,2380,Yes,3,2,1,0
No,Travel_Rarely,Research & Development,3,Life Sciences,3,2,Manufacturing Director,2,4765,No,4,4,1,0
Yes,Travel_Rarely,Sales,3,Medical,2,1,Sales Representative,3,2044,No,3,2,2,0
Yes,Travel_Rarely,Research & Development,1,Other,3,1,Research Scientist,4,2693,No,3,2,1,0
No,Travel_Rarely,Research & Development,1,Life Sciences,3,2,Healthcare Representative,4,6586,Yes,3,2,16,4
No,Travel_Rarely,Sales,4,Life Sciences,2,1,Sales Representative,4,3294,Yes,3,2,3,1
Yes,Travel_Rarely,Research & Development,1,Life Sciences,3,2,Manufacturing Director,3,4171,Yes,3,4,3,0
Yes,Travel_Rarely,Research & Development,4,Life Sciences,1,1,Laboratory Technician,4,2778,Yes,3,2,7,1
No,Travel_Rarely,Research & Development,3,Medical,3,1,Research Scientist,3,2377,No,3,3,2,2
Yes,Travel_Rarely,Research & Development,3,Medical,3,1,Laboratory Technician,1,2404,Yes,4,1,2,2
No,Travel_Rarely,Research & Development,3,Life Sciences,3,1,Research Scientist,3,2318,No,3,3,1,0
No,Travel_Rarely,Research & Development,3,Life Sciences,3,1,Laboratory Technician,2,2008,No,3,3,1,1
No,Travel_Rarely,Sales,2,Medical,2,2,Sales Executive,3,6244,No,3,3,5,0
No,Travel_Rarely,Research & Development,4,Other,2,1,Research Scientist,1,2799,Yes,3,3,3,0
No,Travel_Rarely,Research & Development,3,Technical Degree,2,3,Healthcare Representative,2,10552,Yes,3,3,6,0
No,Travel_Rarely,Sales,4,Life Sciences,2,1,Sales Representative,3,2329,No,3,4,7,5
No,Travel_Rarely,Research & Development,1,Life Sciences,3,2,Healthcare Representative,4,4014,Yes,4,1,10,0
No,Travel_Rarely,Research & Development,2,Other,3,3,Laboratory Technician,2,7403,No,3,2,26,1
No,Travel_Rarely,Research & Development,4,Medical,3,1,Research Scientist,3,2259,No,3,2,0,0
No,Non-Travel,Sales,2,Marketing,3,2,Sales Executive,3,6932,No,3,2,9,0
No,Travel_Rarely,Research & Development,4,Other,3,1,Research Scientist,4,4678,No,3,3,6,0
No,Travel_Rarely,Research & Development,3,Technical Degree,3,3,Research Director,1,13582,No,3,3,15,5
No,Non-Travel,Research & Development,3,Life Sciences,2,1,Laboratory Technician,2,2332,No,4,3,3,0
Yes,Travel_Rarely,Sales,2,Marketing,2,1,Sales Representative,2,2413,Yes,3,3,1,0
No,Travel_Rarely,Sales,4,Marketing,2,3,Sales Executive,2,9705,No,3,2,1,0
No,Travel_Frequently,Sales,3,Medical,2,2,Sales Executive,1,4294,No,3,3,7,0
No,Travel_Rarely,Research & Development,3,Medical,3,1,Laboratory Technician,1,4721,Yes,3,3,18,2
No,Travel_Rarely,Research & Development,4,Medical,3,1,Laboratory Technician,3,2519,No,4,3,11,3
Yes,Travel_Rarely,Sales,3,Other,2,1,Sales Representative,2,2121,Yes,3,4,1,0
Yes,Travel_Rarely,Research & Development,3,Technical Degree,3,1,Laboratory Technician,1,2973,No,3,3,1,0
No,Travel_Rarely,Research & Development,3,Medical,3,2,Healthcare Representative,4,5855,Yes,3,1,9,8
No,Travel_Frequently,Research & Development,4,Medical,3,1,Research Scientist,2,3617,Yes,3,3,1,0
No,Travel_Rarely,Research & Development,4,Medical,3,2,Manufacturing Director,1,6725,No,3,4,8,6
Yes,Travel_Rarely,Sales,1,Life Sciences,2,3,Sales Executive,4,10325,Yes,3,3,16,3
No,Travel_Rarely,Research & Development,3,Life Sciences,2,2,Healthcare Representative,4,6949,No,3,3,5,1
Yes,Travel_Rarely,Sales,4,Life Sciences,2,3,Sales Executive,3,10609,No,3,1,14,11
No,Non-Travel,Research & Development,2,Life Sciences,3,2,Laboratory Technician,2,4447,No,3,2,9,0
No,Travel_Frequently,Sales,3,Technical Degree,3,1,Sales Representative,4,2157,No,3,3,3,0
No,Travel_Rarely,Sales,3,Medical,3,2,Sales Executive,3,4601,No,3,3,5,1
No,Travel_Rarely,Research & Development,2,Life Sciences,3,4,Manager,4,17099,No,3,2,9,7
Yes,Travel_Rarely,Research & Development,3,Technical Degree,3,1,Research Scientist,3,2479,No,4,3,1,0
No,Travel_Rarely,Sales,2,Medical,3,4,Manager,3,14852,No,3,4,17,15
No,Travel_Rarely,Sales,2,Other,3,3,Sales Executive,3,7264,No,3,4,8,7
No,Non-Travel,Sales,3,Technical Degree,3,2,Sales Executive,4,5666,Yes,3,3,5,1
No,Travel_Rarely,Sales,4,Life Sciences,3,3,Sales Executive,4,7823,No,3,3,10,0
No,Travel_Rarely,Sales,5,Life Sciences,4,3,Sales Executive,3,7880,No,3,3,8,0
Yes,Non-Travel,Sales,3,Life Sciences,4,4,Sales Executive,2,13194,Yes,3,2,1,0
No,Travel_Frequently,Research & Development,4,Medical,4,2,Manufacturing Director,3,5067,Yes,3,4,19,2
No,Non-Travel,Sales,4,Technical Degree,3,2,Sales Executive,4,5079,No,3,3,7,0
Yes,Non-Travel,Research & Development,2,Medical,2,1,Research Scientist,1,2321,Yes,4,3,3,1
No,Non-Travel,Sales,3,Life Sciences,3,4,Manager,3,17444,No,3,3,10,6
Yes,Travel_Rarely,Research & Development,3,Life Sciences,2,1,Research Scientist,1,2404,Yes,4,3,0,0
No,Travel_Rarely,Research & Development,1,Life Sciences,3,1,Research Scientist,4,3452,No,3,3,3,0
No,Travel_Rarely,Research & Development,4,Medical,3,1,Laboratory Technician,4,2270,No,3,3,5,0
No,Travel_Rarely,Research & Development,2,Medical,3,4,Research Director,4,17399,No,4,2,5,1
No,Travel_Frequently,Research & Development,4,Other,4,2,Healthcare Representative,2,5488,Yes,3,3,6,1
No,Travel_Frequently,Research & Development,3,Medical,3,5,Research Director,3,19419,No,3,4,18,0
No,Travel_Rarely,Research & Development,4,Technical Degree,3,1,Laboratory Technician,2,2811,No,3,3,2,2
No,Non-Travel,Research & Development,2,Life Sciences,3,2,Laboratory Technician,1,3633,Yes,3,3,9,0
No,Travel_Rarely,Sales,2,Life Sciences,3,2,Sales Executive,4,4163,Yes,3,3,9,0
Yes,Travel_Rarely,Research & Development,3,Life Sciences,3,1,Research Scientist,3,2132,Yes,3,3,5,0
No,Travel_Rarely,Research & Development,3,Life Sciences,3,4,Manufacturing Director,3,13973,Yes,3,3,12,1
No,Travel_Frequently,Research & Development,1,Medical,3,1,Research Scientist,3,2684,No,3,2,2,0
No,Travel_Rarely,Research & Development,2,Medical,3,3,Manufacturing Director,3,10845,No,3,3,8,0
No,Travel_Rarely,Research & Development,1,Medical,2,2,Manufacturing Director,3,4377,No,3,3,4,3
Yes,Travel_Rarely,Research & Development,4,Other,2,1,Laboratory Technician,2,3743,Yes,4,1,4,0
No,Travel_Frequently,Research & Development,1,Life Sciences,3,2,Manufacturing Director,1,4148,No,3,3,4,0
No,Non-Travel,Research & Development,2,Life Sciences,3,1,Research Scientist,4,1051,No,3,3,0,0
No,Travel_Rarely,Research & Development,3,Technical Degree,3,3,Manufacturing Director,3,10739,No,3,3,10,0
No,Travel_Rarely,Research & Development,4,Medical,3,3,Healthcare Representative,3,10388,Yes,3,2,16,10
No,Travel_Rarely,Research & Development,2,Life Sciences,4,3,Research Director,1,11416,Yes,3,2,8,1
Yes,Travel_Rarely,Research & Development,3,Medical,2,1,Research Scientist,1,2600,Yes,3,3,1,0
Yes,Travel_Frequently,Research & Development,3,Medical,3,1,Laboratory Technician,2,2422,No,3,3,3,1
No,Travel_Rarely,Research & Development,2,Medical,4,2,Manufacturing Director,4,5472,No,3,3,8,1
No,Travel_Rarely,Research & Development,1,Life Sciences,1,1,Laboratory Technician,1,2451,No,3,2,4,1
No,Travel_Rarely,Research & Development,3,Life Sciences,2,2,Healthcare Representative,3,4240,No,3,3,2,2
No,Travel_Rarely,Research & Development,4,Life Sciences,2,3,Healthcare Representative,3,10999,No,3,3,15,4
No,Travel_Rarely,Research & Development,2,Medical,3,2,Manufacturing Director,3,5003,No,3,3,2,2
No,Travel_Rarely,Research & Development,1,Life Sciences,2,4,Manufacturing Director,4,12742,No,3,3,21,11
No,Travel_Rarely,Research & Development,4,Life Sciences,3,2,Manufacturing Director,4,4227,No,3,3,3,2
No,Travel_Rarely,Research & Development,3,Other,3,1,Laboratory Technician,4,3917,No,4,2,3,1
No,Travel_Rarely,Sales,2,Marketing,3,5,Manager,3,18303,No,3,4,1,0
No,Travel_Rarely,Research & Development,3,Life Sciences,3,1,Laboratory Technician,4,2380,No,3,3,1,0
No,Travel_Rarely,Research & Development,3,Life Sciences,2,4,Manufacturing Director,4,13726,Yes,3,3,5,4
Yes,Travel_Rarely,Research & Development,2,Medical,1,2,Healthcare Representative,2,4777,No,3,1,1,0
No,Travel_Frequently,Research & Development,4,Medical,3,2,Healthcare Representative,2,6385,Yes,3,3,8,6
No,Non-Travel,Research & Development,1,Life Sciences,1,5,Research Director,3,19973,No,4,3,21,5
No,Travel_Rarely,Sales,4,Life Sciences,3,2,Sales Executive,4,6861,Yes,3,3,1,0
Yes,Non-Travel,Sales,2,Medical,1,2,Sales Executive,1,4969,No,3,3,2,2
Yes,Travel_Rarely,Sales,1,Marketing,1,5,Manager,4,19845,No,3,3,32,6
No,Travel_Rarely,Sales,3,Medical,4,4,Sales Executive,4,13320,Yes,3,3,12,11
No,Non-Travel,Sales,3,Life Sciences,3,2,Sales Executive,3,6347,No,3,3,18,0
Yes,Travel_Rarely,Research & Development,4,Life Sciences,4,1,Laboratory Technician,1,2743,No,3,3,17,15
No,Travel_Frequently,Research & Development,3,Medical,3,3,Manufacturing Director,1,10880,Yes,3,3,21,2
No,Non-Travel,Sales,1,Life Sciences,2,1,Sales Representative,4,2342,No,3,2,2,2
No,Travel_Rarely,Sales,2,Life Sciences,3,4,Manager,4,17650,No,3,4,9,1
No,Non-Travel,Research & Development,4,Medical,3,1,Laboratory Technician,3,4025,No,3,3,8,7
No,Travel_Rarely,Sales,4,Marketing,4,2,Sales Executive,4,9725,No,3,2,15,0
No,Travel_Rarely,Sales,2,Technical Degree,3,3,Manager,4,11904,Yes,3,1,6,0
No,Travel_Rarely,Human Resources,4,Medical,3,1,Human Resources,2,2177,No,3,3,6,0
No,Travel_Frequently,Sales,3,Marketing,2,3,Sales Executive,2,7525,No,3,3,15,6
Yes,Travel_Rarely,Research & Development,3,Other,3,2,Laboratory Technician,3,4834,No,3,2,1,0
Yes,Travel_Frequently,Research & Development,3,Life Sciences,3,1,Research Scientist,1,2042,Yes,3,3,3,1
No,Travel_Rarely,Sales,4,Life Sciences,3,1,Sales Representative,3,2220,Yes,3,3,1,0
No,Travel_Rarely,Sales,1,Medical,3,1,Sales Representative,2,1052,No,4,3,1,0
No,Travel_Frequently,Research & Development,4,Other,3,1,Research Scientist,3,2821,No,3,3,2,2
No,Travel_Rarely,Research & Development,4,Medical,3,5,Research Director,3,19237,Yes,3,2,8,7
No,Travel_Rarely,Research & Development,3,Other,3,2,Healthcare Representative,2,4107,No,3,2,4,0
No,Travel_Rarely,Sales,3,Marketing,3,2,Sales Executive,1,8396,No,3,2,7,7
No,Travel_Frequently,Research & Development,1,Medical,2,1,Research Scientist,3,2007,No,3,3,5,1
No,Travel_Rarely,Research & Development,4,Medical,3,5,Research Director,4,19627,No,3,3,2,2
No,Travel_Rarely,Sales,4,Life Sciences,2,3,Sales Executive,3,10686,No,3,3,9,7
No,Travel_Frequently,Research & Development,3,Medical,3,1,Research Scientist,3,2942,No,3,3,5,0
No,Travel_Rarely,Research & Development,5,Medical,2,3,Manufacturing Director,4,8858,No,3,2,14,7
No,Non-Travel,Research & Development,1,Medical,2,4,Manager,1,16756,No,3,4,9,6
No,Travel_Rarely,Sales,3,Medical,2,3,Sales Executive,4,10798,No,3,3,1,0
Yes,Travel_Frequently,Sales,3,Marketing,3,1,Sales Representative,4,2323,Yes,3,3,2,0
Yes,Travel_Rarely,Research & Development,3,Life Sciences,2,1,Laboratory Technician,1,1416,No,3,2,1,1
No,Travel_Rarely,Research & Development,4,Life Sciences,2,2,Research Scientist,1,4615,Yes,4,3,16,1
Yes,Travel_Rarely,Research & Development,4,Life Sciences,3,1,Research Scientist,3,2461,Yes,3,4,10,2
Yes,Non-Travel,Research & Development,2,Technical Degree,2,3,Healthcare Representative,1,8722,No,3,2,10,1
No,Travel_Rarely,Research & Development,2,Medical,2,1,Laboratory Technician,1,3955,No,3,3,5,1
No,Travel_Rarely,Research & Development,3,Other,3,2,Manufacturing Director,1,9957,No,3,2,6,0
No,Travel_Rarely,Research & Development,2,Technical Degree,4,1,Research Scientist,3,3376,No,3,3,10,0
No,Travel_Rarely,Research & Development,1,Life Sciences,2,3,Healthcare Representative,3,8823,No,3,2,19,1
No,Travel_Rarely,Research & Development,4,Technical Degree,3,3,Healthcare Representative,4,10322,No,4,3,11,11
No,Non-Travel,Research & Development,5,Life Sciences,1,1,Laboratory Technician,3,4621,No,3,3,3,1
No,Travel_Frequently,Research & Development,1,Life Sciences,3,3,Manufacturing Director,2,10976,No,3,3,3,1
No,Travel_Rarely,Research & Development,3,Other,3,2,Research Scientist,3,3660,No,3,4,8,1
Yes,Travel_Rarely,Human Resources,2,Medical,2,3,Human Resources,1,10482,No,3,3,20,3
No,Travel_Rarely,Research & Development,3,Life Sciences,2,3,Healthcare Representative,4,7119,No,3,3,3,1
Yes,Travel_Rarely,Sales,3,Technical Degree,3,3,Sales Executive,1,9582,Yes,4,3,8,4
Yes,Travel_Frequently,Research & Development,4,Medical,2,2,Research Scientist,3,4508,No,4,3,13,3
No,Travel_Rarely,Research & Development,2,Life Sciences,3,1,Laboratory Technician,3,2207,No,3,2,4,2
No,Travel_Frequently,Research & Development,1,Life Sciences,3,2,Healthcare Representative,4,7756,No,3,2,6,0
No,Travel_Rarely,Sales,4,Life Sciences,2,2,Sales Executive,4,6694,Yes,3,3,1,0
Yes,Travel_Rarely,Research & Development,1,Technical Degree,3,1,Laboratory Technician,4,3691,Yes,3,4,7,5
Yes,Travel_Rarely,Research & Development,3,Medical,3,1,Laboratory Technician,3,2377,No,4,2,1,0
Yes,Travel_Rarely,Research & Development,3,Medical,2,1,Research Scientist,2,2313,Yes,4,3,2,2
No,Travel_Rarely,Research & Development,2,Medical,3,4,Manager,1,17665,No,3,3,22,13
Yes,Travel_Frequently,Research & Development,3,Medical,2,1,Laboratory Technician,2,2596,No,3,3,1,0
Yes,Travel_Frequently,Sales,4,Other,3,2,Sales Executive,3,4728,Yes,3,3,0,0
No,Travel_Frequently,Sales,3,Life Sciences,3,2,Sales Executive,2,4302,No,3,3,3,0
No,Non-Travel,Research & Development,4,Life Sciences,2,1,Research Scientist,4,2979,No,3,3,0,0
No,Non-Travel,Research & Development,4,Medical,4,4,Manager,4,16885,No,4,2,5,2
No,Non-Travel,Sales,4,Life Sciences,2,2,Sales Executive,3,5593,No,3,3,15,4
No,Travel_Rarely,Research & Development,4,Life Sciences,3,3,Healthcare Representative,2,10445,No,3,3,8,4
No,Travel_Rarely,Sales,4,Marketing,2,3,Sales Executive,3,8740,Yes,3,3,8,2
No,Travel_Rarely,Research & Development,4,Life Sciences,3,1,Research Scientist,4,2514,No,4,3,7,1
No,Travel_Rarely,Research & Development,3,Medical,3,3,Manufacturing Director,2,7655,No,3,2,9,1
No,Travel_Rarely,Sales,1,Marketing,3,4,Manager,3,17465,No,3,3,12,4
No,Travel_Rarely,Sales,2,Marketing,3,3,Sales Executive,2,7351,No,3,3,1,0
No,Travel_Frequently,Research & Development,3,Life Sciences,3,3,Manufacturing Director,1,10820,No,3,3,8,0
Yes,Travel_Frequently,Research & Development,3,Life Sciences,3,4,Healthcare Representative,4,12169,No,3,3,18,11
No,Travel_Rarely,Research & Development,3,Medical,2,5,Research Director,3,19626,No,3,4,20,4
No,Travel_Rarely,Research & Development,1,Technical Degree,2,1,Research Scientist,2,2070,Yes,3,4,2,2
No,Non-Travel,Research & Development,3,Life Sciences,3,2,Laboratory Technician,2,6782,No,3,2,5,0
No,Non-Travel,Research & Development,4,Life Sciences,3,2,Manufacturing Director,4,7779,No,4,3,11,0
No,Travel_Frequently,Sales,3,Life Sciences,4,1,Sales Representative,4,2791,No,3,3,2,2
No,Travel_Rarely,Research & Development,1,Life Sciences,2,1,Research Scientist,2,3201,No,3,1,5,0
No,Travel_Frequently,Sales,2,Marketing,3,2,Sales Executive,4,4968,No,3,3,5,0
No,Travel_Rarely,Sales,4,Technical Degree,2,4,Sales Executive,2,13120,No,3,3,9,2
No,Travel_Frequently,Research & Development,2,Life Sciences,3,2,Manufacturing Director,3,4033,No,3,2,3,0
No,Travel_Frequently,Research & Development,3,Life Sciences,3,1,Research Scientist,2,3291,No,3,2,7,1
No,Travel_Rarely,Research & Development,3,Medical,1,2,Laboratory Technician,4,4272,No,3,3,1,0
No,Travel_Rarely,Research & Development,1,Medical,2,2,Manufacturing Director,4,5056,Yes,3,2,10,1
No,Travel_Rarely,Human Resources,3,Human Resources,4,1,Human Resources,3,2844,No,3,4,7,5
No,Travel_Frequently,Research & Development,3,Life Sciences,2,1,Research Scientist,3,2703,Yes,3,3,3,0
Yes,Non-Travel,Research & Development,1,Medical,3,1,Laboratory Technician,3,1904,No,3,3,0,0
Yes,Travel_Rarely,Sales,4,Marketing,3,2,Sales Executive,1,8224,Yes,3,3,5,0
No,Travel_Rarely,Research & Development,4,Life Sciences,3,1,Laboratory Technician,4,4766,Yes,3,3,1,0
Yes,Travel_Frequently,Research & Development,3,Medical,3,1,Laboratory Technician,3,2610,No,3,2,2,2
No,Travel_Rarely,Research & Development,2,Medical,2,2,Healthcare Representative,4,5731,No,3,3,6,1
No,Travel_Rarely,Research & Development,3,Life Sciences,2,1,Research Scientist,3,2539,No,3,3,4,2
No,Travel_Rarely,Sales,1,Life Sciences,3,2,Sales Executive,3,5714,No,4,2,6,1
No,Travel_Rarely,Human Resources,4,Technical Degree,3,1,Human Resources,3,4323,No,3,1,5,1
Yes,Travel_Rarely,Sales,1,Life Sciences,2,3,Sales Executive,1,7336,No,3,1,11,3
No,Travel_Frequently,Research & Development,4,Medical,3,3,Research Director,3,13499,No,3,2,18,2
Yes,Travel_Frequently,Sales,3,Life Sciences,3,4,Sales Executive,1,13758,Yes,3,2,21,13
No,Travel_Rarely,Sales,4,Marketing,3,2,Sales Executive,1,5155,No,3,4,6,1
No,Travel_Rarely,Research & Development,4,Medical,2,1,Laboratory Technician,3,2258,No,3,3,8,1
No,Travel_Rarely,Research & Development,3,Medical,3,1,Laboratory Technician,2,3597,No,4,3,4,1
Yes,Travel_Rarely,Research & Development,1,Life Sciences,3,1,Laboratory Technician,4,2515,Yes,3,2,1,0
No,Travel_Rarely,Research & Development,4,Medical,4,1,Laboratory Technician,4,4420,No,4,3,8,0
No,Travel_Rarely,Sales,3,Marketing,2,2,Sales Executive,3,6578,No,3,3,10,1
No,Travel_Frequently,Research & Development,2,Medical,2,2,Research Scientist,4,4422,Yes,3,1,1,0
No,Travel_Rarely,Research & Development,3,Life Sciences,2,3,Manufacturing Director,2,10274,No,3,4,7,6
No,Travel_Frequently,Research & Development,3,Medical,2,2,Healthcare Representative,1,5343,No,4,3,13,4
No,Travel_Frequently,Research & Development,4,Other,2,1,Laboratory Technician,4,2376,No,3,4,2,2
Yes,Travel_Rarely,Sales,3,Marketing,1,2,Sales Executive,3,5346,No,3,2,4,1
No,Non-Travel,Sales,1,Life Sciences,3,1,Sales Representative,1,2827,No,3,3,1,0
No,Travel_Rarely,Research & Development,4,Technical Degree,3,5,Manager,1,19943,No,3,3,5,4
No,Travel_Rarely,Research & Development,1,Medical,3,1,Laboratory Technician,4,3131,No,3,3,10,0
No,Travel_Rarely,Research & Development,2,Life Sciences,3,1,Research Scientist,1,2552,No,4,3,1,0
No,Travel_Rarely,Research & Development,3,Medical,3,1,Research Scientist,3,4477,Yes,3,2,3,0
No,Travel_Rarely,Research & Development,3,Life Sciences,2,2,Manufacturing Director,4,6474,No,3,2,14,3
No,Travel_Rarely,Research & Development,3,Life Sciences,2,1,Laboratory Technician,3,3033,No,3,2,2,1
Yes,Travel_Rarely,Research & Development,4,Life Sciences,3,1,Research Scientist,3,2936,Yes,3,3,6,0
No,Travel_Rarely,Research & Development,2,Medical,3,5,Manager,3,18606,No,3,3,7,4
No,Travel_Rarely,Research & Development,1,Life Sciences,1,1,Research Scientist,4,2168,Yes,3,2,5,1
Yes,Travel_Frequently,Research & Development,4,Life Sciences,2,1,Research Scientist,4,2853,Yes,3,3,0,0
No,Travel_Rarely,Sales,3,Marketing,3,4,Manager,1,17048,No,4,3,26,15
No,Non-Travel,Research & Development,3,Life Sciences,1,1,Research Scientist,3,2290,No,3,3,0,0
No,Travel_Rarely,Human Resources,3,Human Resources,3,1,Human Resources,3,3600,No,3,3,5,1
Yes,Non-Travel,Research & Development,2,Life Sciences,2,1,Research Scientist,1,2107,No,3,1,1,0
No,Travel_Rarely,Sales,4,Life Sciences,3,2,Sales Executive,1,4115,No,3,3,4,0
No,Travel_Frequently,Sales,4,Medical,3,2,Sales Executive,2,4327,No,3,3,0,0
No,Travel_Frequently,Research & Development,3,Medical,3,4,Manager,1,17856,No,4,3,2,2
No,Travel_Rarely,Research & Development,4,Medical,2,1,Laboratory Technician,1,3196,No,3,3,6,3
No,Travel_Rarely,Research & Development,2,Life Sciences,3,5,Research Director,2,19081,No,3,3,4,0
No,Travel_Rarely,Sales,4,Life Sciences,3,2,Sales Executive,1,8966,Yes,3,3,7,1
Yes,Travel_Rarely,Research & Development,2,Life Sciences,3,1,Laboratory Technician,2,2210,No,3,1,1,0
No,Travel_Frequently,Sales,3,Medical,3,2,Sales Executive,3,4539,No,3,2,10,0
No,Travel_Rarely,Research & Development,4,Life Sciences,1,1,Laboratory Technician,3,2741,No,3,3,7,1
No,Travel_Rarely,Research & Development,4,Life Sciences,3,2,Laboratory Technician,3,3491,No,3,2,10,8
No,Travel_Rarely,Research & Development,4,Other,3,2,Research Scientist,4,4541,No,4,3,20,13
No,Travel_Rarely,Sales,3,Marketing,4,1,Sales Representative,4,2678,No,3,3,2,2
No,Travel_Rarely,Research & Development,4,Technical Degree,3,2,Manufacturing Director,4,7379,No,3,2,6,1
No,Non-Travel,Human Resources,5,Medical,4,2,Human Resources,1,6272,No,3,4,4,0
No,Travel_Rarely,Sales,4,Marketing,4,2,Sales Executive,4,5220,Yes,3,3,11,1
No,Travel_Frequently,Research & Development,3,Other,2,1,Laboratory Technician,2,2743,No,4,3,2,2
No,Travel_Frequently,Research & Development,2,Life Sciences,3,2,Research Scientist,3,4998,Yes,3,3,8,0
No,Travel_Rarely,Research & Development,3,Technical Degree,1,3,Manufacturing Director,1,10252,Yes,4,3,7,7
No,Travel_Rarely,Research & Development,3,Medical,3,1,Research Scientist,4,2781,No,3,3,14,4
No,Travel_Rarely,Sales,3,Technical Degree,2,2,Sales Executive,2,6852,No,3,4,5,1
No,Travel_Rarely,Sales,4,Life Sciences,3,2,Sales Executive,4,4950,No,3,3,4,1
No,Travel_Rarely,Research & Development,3,Medical,3,1,Research Scientist,2,3579,Yes,4,3,11,5
No,Travel_Frequently,Research & Development,5,Medical,3,3,Research Director,1,13191,Yes,3,3,1,0
No,Non-Travel,Sales,2,Marketing,2,3,Sales Executive,4,10377,Yes,3,2,13,4
No,Travel_Rarely,Research & Development,3,Life Sciences,3,1,Research Scientist,1,2235,Yes,3,2,9,6
No,Travel_Frequently,Research & Development,4,Life Sciences,3,3,Manufacturing Director,3,10502,No,3,1,5,1
No,Travel_Rarely,Research & Development,1,Life Sciences,4,1,Research Scientist,4,2011,No,3,3,10,7
Yes,Non-Travel,Research & Development,3,Medical,2,1,Research Scientist,2,1859,Yes,4,4,1,0
No,Travel_Rarely,Research & Development,3,Life Sciences,3,1,Research Scientist,4,3760,No,3,3,3,1
No,Travel_Rarely,Research & Development,3,Life Sciences,3,4,Research Director,4,17779,No,3,3,10,0
No,Travel_Rarely,Research & Development,2,Medical,3,2,Healthcare Representative,1,6833,Yes,3,2,6,0
No,Travel_Rarely,Research & Development,3,Medical,2,2,Healthcare Representative,1,6812,No,3,3,10,1
No,Travel_Rarely,Sales,3,Life Sciences,2,2,Sales Executive,4,5171,No,3,3,6,0
No,Travel_Rarely,Research & Development,3,Life Sciences,1,5,Research Director,4,19740,No,3,3,8,0
No,Travel_Rarely,Research & Development,2,Medical,2,5,Manager,3,18711,No,3,4,1,0
No,Travel_Frequently,Research & Development,3,Technical Degree,3,1,Research Scientist,2,3692,No,3,2,11,0
No,Travel_Rarely,Research & Development,2,Technical Degree,4,1,Laboratory Technician,2,2559,No,3,2,1,0
No,Travel_Rarely,Research & Development,2,Life Sciences,3,1,Research Scientist,3,2517,No,3,3,5,0
No,Travel_Rarely,Research & Development,3,Life Sciences,3,2,Healthcare Representative,4,6623,Yes,3,3,6,1
No,Travel_Rarely,Research & Development,3,Life Sciences,2,5,Research Director,4,18265,No,3,4,1,0
No,Travel_Rarely,Research & Development,3,Life Sciences,2,4,Research Director,4,16124,No,3,2,7,1
No,Travel_Rarely,Research & Development,3,Technical Degree,4,1,Research Scientist,3,2585,No,3,2,1,0
No,Travel_Rarely,Sales,3,Marketing,3,5,Manager,2,18213,No,3,3,22,3
No,Travel_Rarely,Sales,5,Marketing,4,3,Sales Executive,3,8380,Yes,3,3,9,0
No,Travel_Rarely,Research & Development,3,Life Sciences,4,1,Research Scientist,4,2994,Yes,3,3,1,0
No,Travel_Rarely,Research & Development,2,Life Sciences,3,1,Research Scientist,3,1223,No,4,3,1,0
Yes,Travel_Frequently,Sales,1,Life Sciences,1,1,Sales Representative,4,1118,Yes,3,3,1,1
No,Travel_Rarely,Research & Development,2,Life Sciences,3,1,Research Scientist,4,2875,Yes,4,2,8,2
Yes,Travel_Rarely,Sales,3,Marketing,1,5,Manager,2,18824,Yes,3,3,24,1
No,Non-Travel,Research & Development,1,Medical,2,4,Healthcare Representative,2,13577,Yes,3,3,33,15
Yes,Travel_Frequently,Research & Development,2,Life Sciences,2,1,Laboratory Technician,3,2625,No,4,1,2,2
No,Travel_Rarely,Sales,2,Marketing,2,5,Manager,2,18789,No,3,3,11,0
No,Travel_Rarely,Sales,3,Marketing,3,2,Sales Executive,1,4538,Yes,3,3,3,0
No,Travel_Frequently,Sales,3,Life Sciences,3,5,Manager,2,19847,Yes,4,2,29,11
No,Travel_Rarely,Research & Development,4,Medical,3,3,Manufacturing Director,4,10512,No,3,2,9,5
No,Travel_Frequently,Research & Development,3,Medical,3,2,Laboratory Technician,2,4444,No,3,4,11,5
No,Travel_Frequently,Research & Development,4,Medical,3,1,Laboratory Technician,3,2154,Yes,3,2,4,0
No,Travel_Rarely,Research & Development,2,Life Sciences,4,5,Manager,1,19190,No,3,2,25,14
No,Travel_Frequently,Human Resources,3,Life Sciences,2,2,Human Resources,2,4490,No,3,4,10,1
No,Travel_Rarely,Research & Development,1,Life Sciences,3,1,Research Scientist,3,3506,Yes,3,3,3,2
No,Travel_Rarely,Research & Development,4,Medical,4,2,Research Scientist,2,2372,Yes,3,3,1,0
No,Travel_Rarely,Sales,4,Marketing,2,3,Sales Executive,4,10231,No,3,4,21,15
No,Travel_Rarely,Research & Development,4,Life Sciences,3,2,Manufacturing Director,2,5410,Yes,3,3,16,5
Yes,Travel_Rarely,Research & Development,3,Medical,3,3,Healthcare Representative,4,7978,No,3,3,10,0
No,Travel_Frequently,Research & Development,3,Life Sciences,2,1,Laboratory Technician,4,3867,Yes,3,3,2,2
No,Travel_Frequently,Research & Development,2,Medical,2,1,Laboratory Technician,3,2838,No,3,2,7,7
No,Non-Travel,Research & Development,2,Medical,3,2,Manufacturing Director,3,4695,Yes,3,3,8,1
Yes,Travel_Rarely,Research & Development,3,Technical Degree,3,1,Laboratory Technician,3,3339,Yes,3,3,7,7
No,Travel_Rarely,Research & Development,3,Technical Degree,3,1,Research Scientist,1,2080,No,3,2,3,1
No,Travel_Rarely,Research & Development,3,Medical,3,1,Research Scientist,2,2096,No,3,2,2,2
No,Travel_Rarely,Sales,3,Medical,4,2,Sales Executive,4,6209,No,3,4,10,0
No,Travel_Frequently,Research & Development,3,Medical,3,5,Manager,2,18061,No,4,3,0,0
No,Travel_Rarely,Research & Development,4,Medical,2,4,Manager,2,17123,Yes,3,3,19,15
No,Travel_Rarely,Research & Development,4,Life Sciences,3,1,Research Scientist,3,2372,No,3,3,2,2
Yes,Travel_Rarely,Research & Development,2,Life Sciences,3,2,Laboratory Technician,3,4883,No,3,3,10,1
Yes,Travel_Rarely,Research & Development,3,Medical,3,1,Research Scientist,1,3904,No,3,3,5,0
No,Travel_Rarely,Research & Development,3,Technical Degree,2,2,Laboratory Technician,4,4627,No,3,3,9,6
No,Travel_Rarely,Research & Development,4,Technical Degree,3,3,Healthcare Representative,3,7094,No,3,3,7,1
No,Travel_Rarely,Human Resources,2,Life Sciences,3,1,Human Resources,1,3423,No,3,4,7,5
No,Non-Travel,Research & Development,3,Life Sciences,1,2,Laboratory Technician,4,6674,No,3,3,9,7
No,Travel_Rarely,Research & Development,3,Life Sciences,3,4,Research Director,1,16880,Yes,3,3,3,1
Yes,Travel_Rarely,Sales,4,Marketing,2,3,Sales Executive,2,9094,Yes,3,3,5,1
Yes,Travel_Rarely,Sales,3,Life Sciences,3,3,Sales Executive,2,8446,Yes,3,2,8,7
No,Travel_Rarely,Research & Development,4,Medical,3,3,Manager,1,11916,Yes,4,3,9,0
No,Travel_Rarely,Research & Development,2,Life Sciences,3,2,Manufacturing Director,3,4534,No,3,3,8,1
No,Non-Travel,Sales,4,Life Sciences,3,3,Sales Executive,3,9852,Yes,3,2,10,9
No,Non-Travel,Sales,2,Medical,1,2,Sales Executive,2,6151,No,3,3,19,11
Yes,Travel_Frequently,Sales,3,Life Sciences,3,1,Sales Representative,2,2302,Yes,3,4,3,2
Yes,Travel_Rarely,Research & Development,3,Life Sciences,3,1,Laboratory Technician,1,2362,No,3,4,3,1
No,Non-Travel,Research & Development,1,Life Sciences,3,4,Manager,3,17861,Yes,3,2,20,2
No,Travel_Rarely,Research & Development,2,Medical,1,5,Manager,3,19187,No,3,3,19,9
No,Travel_Rarely,Human Resources,4,Life Sciences,3,5,Manager,2,19717,No,3,3,7,7
No,Non-Travel,Research & Development,2,Life Sciences,3,1,Research Scientist,3,3544,No,3,3,4,0
No,Travel_Rarely,Research & Development,3,Life Sciences,3,3,Healthcare Representative,4,8500,No,3,2,9,1
No,Travel_Rarely,Research & Development,3,Life Sciences,3,2,Research Scientist,4,4661,No,3,3,9,8
No,Travel_Frequently,Sales,3,Marketing,3,2,Sales Executive,1,4103,No,3,3,9,1
No,Travel_Frequently,Research & Development,4,Life Sciences,3,2,Research Scientist,3,4249,Yes,3,3,9,1
No,Travel_Rarely,Human Resources,3,Life Sciences,3,4,Manager,2,14026,Yes,3,3,33,0
No,Travel_Rarely,Sales,2,Life Sciences,3,2,Sales Executive,1,6893,No,3,3,7,1
No,Travel_Rarely,Sales,2,Medical,3,2,Sales Executive,1,6125,No,3,4,10,9
No,Travel_Rarely,Research & Development,1,Medical,3,1,Laboratory Technician,4,3669,No,3,2,3,1
Yes,Travel_Rarely,Research & Development,4,Medical,2,3,Manufacturing Director,1,10008,Yes,3,2,10,5
No,Travel_Rarely,Research & Development,4,Life Sciences,3,1,Laboratory Technician,2,2387,No,4,3,4,0
No,Travel_Frequently,Sales,3,Marketing,4,2,Sales Executive,1,4639,No,3,2,15,6
No,Travel_Rarely,Research & Development,3,Life Sciences,3,3,Manufacturing Director,4,7898,No,3,3,10,0
No,Travel_Rarely,Sales,3,Medical,4,1,Sales Representative,4,2534,No,3,3,1,0
No,Travel_Rarely,Research & Development,2,Technical Degree,2,4,Manufacturing Director,2,13142,No,3,2,5,0
No,Non-Travel,Research & Development,3,Life Sciences,3,1,Laboratory Technician,4,1611,No,3,4,0,0
No,Travel_Rarely,Research & Development,3,Medical,2,2,Laboratory Technician,4,5363,No,3,3,9,0
No,Travel_Frequently,Sales,1,Life Sciences,1,2,Sales Executive,4,5071,No,4,3,6,0
Yes,Travel_Rarely,Sales,4,Marketing,4,4,Sales Executive,3,13695,Yes,3,2,19,3
No,Travel_Rarely,Research & Development,3,Life Sciences,3,4,Manufacturing Director,2,13402,Yes,3,3,19,15
No,Non-Travel,Research & Development,1,Technical Degree,2,1,Research Scientist,3,2029,No,4,3,5,0
No,Travel_Rarely,Research & Development,1,Medical,4,2,Healthcare Representative,3,6377,No,4,3,12,11
No,Travel_Rarely,Research & Development,3,Medical,3,2,Laboratory Technician,3,5429,No,3,3,8,7
Yes,Travel_Frequently,Sales,3,Life Sciences,2,1,Sales Representative,4,2785,No,3,4,1,0
Yes,Travel_Frequently,Sales,4,Marketing,3,2,Sales Executive,3,4614,Yes,3,2,4,3
No,Travel_Frequently,Research & Development,3,Life Sciences,4,1,Research Scientist,3,2610,No,3,3,4,0
No,Travel_Rarely,Research & Development,4,Technical Degree,3,2,Healthcare Representative,4,6687,No,3,4,14,4
No,Travel_Rarely,Sales,3,Life Sciences,2,2,Sales Executive,1,4724,No,3,3,5,0
Yes,Travel_Rarely,Research & Development,4,Medical,3,2,Manufacturing Director,3,6179,Yes,3,2,10,6
No,Travel_Rarely,Sales,4,Life Sciences,2,2,Sales Executive,4,6120,Yes,3,4,5,1
No,Travel_Frequently,Sales,3,Marketing,3,3,Sales Executive,2,10596,No,3,3,4,3
No,Travel_Frequently,Research & Development,3,Life Sciences,3,2,Research Scientist,4,5467,Yes,3,2,6,3
No,Travel_Rarely,Research & Development,1,Life Sciences,3,1,Research Scientist,3,2996,Yes,3,3,6,1
No,Travel_Frequently,Sales,1,Life Sciences,3,2,Sales Executive,4,9998,No,3,4,5,1
No,Travel_Rarely,Sales,1,Marketing,3,2,Sales Executive,2,4078,Yes,3,2,3,1
No,Non-Travel,Research & Development,2,Life Sciences,3,3,Healthcare Representative,3,10920,No,4,3,6,0
No,Travel_Rarely,Sales,1,Life Sciences,4,2,Sales Executive,3,6232,No,3,2,3,1
No,Travel_Frequently,Research & Development,2,Medical,4,4,Manufacturing Director,3,13247,Yes,3,2,5,0
No,Travel_Rarely,Research & Development,3,Medical,2,2,Research Scientist,3,4081,Yes,3,1,20,1
No,Travel_Rarely,Sales,3,Marketing,2,2,Sales Executive,4,5769,Yes,3,3,6,4
Yes,Travel_Rarely,Research & Development,4,Life Sciences,3,1,Research Scientist,3,2394,Yes,3,3,8,7
No,Travel_Rarely,Research & Development,1,Medical,2,1,Research Scientist,4,3904,No,3,3,4,1
No,Travel_Rarely,Human Resources,3,Human Resources,3,4,Manager,1,16799,No,3,3,20,0
No,Travel_Rarely,Research & Development,4,Other,3,1,Laboratory Technician,1,2950,No,3,1,5,0
No,Travel_Rarely,Research & Development,3,Medical,3,1,Laboratory Technician,3,3629,No,3,3,3,0
No,Travel_Frequently,Research & Development,2,Life Sciences,3,3,Manufacturing Director,4,9362,No,3,3,2,2
No,Travel_Rarely,Research & Development,3,Technical Degree,3,1,Laboratory Technician,4,3229,No,3,2,3,0
No,Travel_Rarely,Research & Development,3,Other,4,1,Laboratory Technician,1,3578,No,3,3,7,0
No,Travel_Rarely,Human Resources,3,Other,2,3,Human Resources,1,7988,No,3,2,10,0
Yes,Travel_Frequently,Research & Development,2,Life Sciences,2,2,Laboratory Technician,1,4284,No,4,3,4,1
Yes,Travel_Frequently,Research & Development,1,Other,3,3,Healthcare Representative,4,7553,Yes,3,3,8,7
No,Travel_Rarely,Research & Development,3,Medical,3,4,Research Director,4,17328,No,3,2,20,12
No,Travel_Rarely,Research & Development,3,Medical,3,5,Research Director,1,19701,Yes,4,3,9,1
No,Travel_Rarely,Research & Development,4,Medical,4,4,Research Director,4,14732,No,3,4,7,0
No,Travel_Rarely,Sales,4,Marketing,3,2,Sales Executive,2,9278,Yes,3,3,5,0
Yes,Travel_Frequently,Sales,4,Life Sciences,1,1,Sales Representative,3,1359,No,3,3,1,0
No,Travel_Rarely,Sales,4,Marketing,3,2,Sales Executive,1,4779,No,3,3,3,0
No,Travel_Rarely,Research & Development,5,Life Sciences,3,4,Research Director,2,16422,No,3,4,3,1
No,Travel_Frequently,Research & Development,4,Other,3,1,Research Scientist,1,2996,No,3,3,4,1
Yes,Travel_Rarely,Research & Development,3,Life Sciences,2,1,Research Scientist,2,1261,No,3,4,1,0
No,Travel_Rarely,Research & Development,1,Life Sciences,3,1,Laboratory Technician,1,2099,No,3,4,5,1
No,Travel_Rarely,Research & Development,4,Life Sciences,2,2,Laboratory Technician,4,5810,No,3,2,10,1
No,Travel_Rarely,Sales,4,Marketing,2,2,Sales Executive,1,5647,No,3,2,3,0
No,Travel_Rarely,Research & Development,3,Technical Degree,3,1,Research Scientist,4,3420,No,3,2,6,1
Yes,Travel_Rarely,Sales,2,Life Sciences,2,1,Sales Representative,1,4400,No,3,3,3,2
No,Non-Travel,Research & Development,2,Technical Degree,4,1,Laboratory Technician,3,3500,No,3,1,6,1
No,Travel_Rarely,Research & Development,2,Life Sciences,3,1,Research Scientist,1,2066,No,4,4,3,1
No,Travel_Rarely,Research & Development,4,Medical,3,4,Research Director,3,17169,No,3,4,20,5
No,Travel_Rarely,Sales,1,Medical,3,2,Sales Executive,3,4162,Yes,3,3,5,0
No,Travel_Rarely,Sales,5,Marketing,3,2,Sales Executive,4,9204,No,3,2,4,0
No,Travel_Rarely,Research & Development,3,Life Sciences,2,1,Laboratory Technician,2,3294,No,3,2,5,0
No,Travel_Rarely,Research & Development,5,Medical,4,1,Research Scientist,3,2127,Yes,3,2,4,0
No,Non-Travel,Research & Development,4,Other,3,2,Laboratory Technician,3,3975,No,3,4,8,0
No,Travel_Rarely,Sales,2,Life Sciences,3,3,Sales Executive,4,10793,No,3,3,13,9
Yes,Travel_Rarely,Sales,3,Marketing,3,3,Sales Executive,4,10096,No,3,4,7,4
Yes,Non-Travel,Research & Development,3,Life Sciences,2,1,Laboratory Technician,1,3646,Yes,4,4,1,0
Yes,Travel_Frequently,Research & Development,5,Life Sciences,4,3,Manufacturing Director,2,7446,No,3,3,10,4
No,Travel_Rarely,Research & Development,3,Medical,1,3,Healthcare Representative,1,10851,Yes,3,3,7,0
No,Travel_Rarely,Human Resources,2,Medical,4,1,Human Resources,2,2109,No,3,3,3,0
Yes,Travel_Frequently,Research & Development,3,Life Sciences,3,1,Laboratory Technician,4,3722,Yes,3,1,2,2
No,Travel_Rarely,Research & Development,3,Technical Degree,3,3,Manufacturing Director,4,9380,Yes,3,4,3,1
No,Travel_Rarely,Sales,3,Marketing,3,2,Sales Executive,1,5486,No,3,3,2,2
Yes,Travel_Rarely,Human Resources,4,Technical Degree,3,1,Human Resources,3,2742,No,3,3,2,2
No,Non-Travel,Research & Development,1,Medical,2,3,Research Director,2,13757,No,3,3,9,4
No,Travel_Rarely,Sales,3,Medical,3,2,Sales Executive,1,8463,No,3,3,5,1
No,Non-Travel,Research & Development,3,Life Sciences,2,1,Laboratory Technician,3,3162,No,3,3,5,0
No,Travel_Rarely,Research & Development,3,Medical,4,4,Research Director,2,16598,No,3,2,9,8
No,Travel_Rarely,Research & Development,4,Technical Degree,3,2,Healthcare Representative,3,6651,No,3,2,3,1
No,Travel_Rarely,Research & Development,3,Medical,3,1,Research Scientist,3,2345,No,3,4,3,1
No,Travel_Rarely,Research & Development,3,Life Sciences,3,1,Research Scientist,2,3420,No,3,2,5,1
No,Travel_Frequently,Sales,3,Medical,3,2,Sales Executive,1,4373,No,3,3,4,0
No,Travel_Rarely,Sales,3,Other,1,2,Sales Executive,1,4759,No,3,3,13,3
No,Travel_Rarely,Sales,1,Life Sciences,3,2,Sales Executive,3,5301,No,3,2,2,2
No,Travel_Frequently,Research & Development,2,Medical,3,1,Laboratory Technician,4,3673,No,3,3,12,5
No,Travel_Frequently,Sales,5,Marketing,3,2,Sales Executive,3,4768,No,3,2,1,0
No,Non-Travel,Research & Development,3,Technical Degree,3,1,Research Scientist,3,1274,No,3,2,1,0
No,Travel_Rarely,Research & Development,2,Life Sciences,4,2,Research Scientist,3,4900,No,4,2,12,2
No,Travel_Rarely,Research & Development,4,Life Sciences,3,3,Healthcare Representative,2,10466,No,3,3,8,0
No,Travel_Frequently,Research & Development,3,Medical,3,4,Research Director,1,17007,No,3,2,14,6
Yes,Travel_Frequently,Sales,3,Technical Degree,3,1,Sales Representative,3,2909,No,3,4,3,1
Yes,Travel_Frequently,Sales,3,Technical Degree,3,2,Sales Executive,2,5765,No,3,1,5,0
Yes,Travel_Rarely,Sales,4,Medical,2,2,Sales Executive,2,4599,Yes,4,4,15,10
No,Travel_Rarely,Sales,1,Life Sciences,3,1,Sales Representative,3,2404,No,3,3,1,0
Yes,Travel_Frequently,Research & Development,3,Medical,3,1,Laboratory Technician,1,3172,Yes,3,2,0,0
No,Non-Travel,Sales,2,Life Sciences,3,1,Sales Representative,2,2033,No,3,3,1,0
No,Travel_Frequently,Research & Development,1,Medical,3,3,Manufacturing Director,3,10209,Yes,3,2,2,2
No,Travel_Rarely,Sales,3,Life Sciences,2,2,Sales Executive,3,8620,No,3,3,10,0
No,Travel_Rarely,Human Resources,3,Life Sciences,3,1,Human Resources,3,2064,No,4,4,5,1
No,Travel_Rarely,Research & Development,4,Life Sciences,3,2,Healthcare Representative,3,4035,Yes,3,3,3,1
No,Travel_Rarely,Research & Development,4,Medical,2,1,Laboratory Technician,2,3838,No,3,3,5,0
No,Travel_Rarely,Sales,3,Medical,3,2,Sales Executive,3,4591,Yes,3,2,5,1
Yes,Travel_Frequently,Research & Development,2,Medical,2,1,Laboratory Technician,1,2561,No,3,2,0,0
No,Travel_Rarely,Research & Development,3,Life Sciences,2,1,Research Scientist,3,1563,No,3,1,1,0
No,Travel_Frequently,Sales,3,Life Sciences,3,2,Sales Executive,1,4898,No,3,3,4,1
No,Travel_Rarely,Research & Development,2,Medical,2,2,Laboratory Technician,1,4789,No,4,3,3,1
No,Travel_Frequently,Research & Development,1,Life Sciences,3,1,Laboratory Technician,2,3180,No,3,3,3,0
No,Travel_Rarely,Research & Development,1,Life Sciences,1,2,Manufacturing Director,2,6549,No,3,2,8,1
No,Travel_Rarely,Research & Development,5,Life Sciences,3,2,Healthcare Representative,3,6388,Yes,3,3,0,0
No,Travel_Rarely,Research & Development,3,Medical,3,3,Manager,4,11244,No,4,4,5,0
No,Travel_Frequently,Research & Development,4,Medical,3,4,Manager,4,16032,No,4,3,14,1
Yes,Travel_Rarely,Research & Development,4,Technical Degree,2,1,Research Scientist,1,2362,No,3,1,9,0
No,Travel_Rarely,Research & Development,3,Life Sciences,3,4,Research Director,1,16328,No,3,4,20,14
No,Travel_Rarely,Research & Development,3,Life Sciences,3,3,Manufacturing Director,2,8376,No,3,3,2,2
No,Travel_Rarely,Sales,3,Life Sciences,3,4,Manager,2,16606,No,3,4,13,5
No,Travel_Rarely,Research & Development,3,Life Sciences,2,3,Healthcare Representative,2,8606,No,3,1,11,3
No,Travel_Rarely,Research & Development,1,Life Sciences,3,2,Laboratory Technician,3,2272,No,3,3,4,1
Yes,Travel_Rarely,Research & Development,4,Life Sciences,3,1,Laboratory Technician,1,2018,No,3,1,5,1
No,Travel_Rarely,Sales,3,Technical Degree,2,3,Sales Executive,3,7083,Yes,3,3,10,8
Yes,Travel_Frequently,Research & Development,3,Life Sciences,3,1,Research Scientist,3,4084,No,3,1,7,7
No,Travel_Frequently,Research & Development,5,Medical,1,4,Research Director,4,14411,Yes,3,3,32,13
No,Travel_Rarely,Sales,2,Technical Degree,3,1,Sales Representative,3,2308,Yes,4,3,11,5
No,Travel_Rarely,Research & Development,3,Medical,2,1,Laboratory Technician,2,4841,No,3,3,1,0
No,Travel_Rarely,Research & Development,3,Medical,3,2,Research Scientist,4,4285,No,3,3,10,3
No,Travel_Rarely,Research & Development,1,Other,1,2,Healthcare Representative,1,9715,No,3,3,7,0
No,Travel_Rarely,Research & Development,3,Life Sciences,2,2,Manufacturing Director,2,4320,No,3,3,5,0
No,Travel_Rarely,Research & Development,3,Technical Degree,3,1,Research Scientist,4,2132,No,4,3,5,0
No,Travel_Frequently,Research & Development,3,Life Sciences,3,3,Healthcare Representative,4,10124,Yes,3,1,20,13
No,Travel_Rarely,Sales,2,Medical,3,2,Sales Executive,1,5473,No,3,4,8,7
No,Travel_Rarely,Research & Development,4,Life Sciences,3,2,Laboratory Technician,3,5207,Yes,3,3,15,5
No,Travel_Rarely,Human Resources,2,Medical,3,4,Manager,4,16437,Yes,4,3,21,7
No,Travel_Rarely,Research & Development,2,Technical Degree,2,1,Laboratory Technician,1,2296,No,3,3,1,0
No,Non-Travel,Research & Development,2,Life Sciences,3,2,Healthcare Representative,4,4069,Yes,3,3,2,2
No,Travel_Rarely,Research & Development,4,Technical Degree,3,3,Healthcare Representative,2,7441,No,3,3,10,7
No,Travel_Rarely,Sales,4,Life Sciences,2,1,Sales Representative,3,2430,No,4,3,5,4
No,Travel_Rarely,Research & Development,2,Life Sciences,2,2,Research Scientist,2,5878,No,3,3,7,2
No,Travel_Rarely,Sales,4,Life Sciences,3,1,Sales Representative,4,2644,Yes,4,2,3,1
No,Travel_Rarely,Sales,4,Life Sciences,3,2,Sales Executive,3,6439,No,3,3,8,7
No,Travel_Rarely,Research & Development,3,Life Sciences,4,1,Research Scientist,3,2451,No,3,2,1,0
No,Travel_Rarely,Sales,4,Life Sciences,3,2,Sales Executive,1,6392,No,3,1,2,2
Yes,Travel_Rarely,Sales,3,Life Sciences,2,2,Sales Executive,1,9714,No,3,3,10,6
No,Travel_Frequently,Human Resources,4,Human Resources,3,2,Human Resources,3,6077,No,3,3,6,1
No,Travel_Rarely,Research & Development,3,Medical,2,1,Laboratory Technician,1,2450,No,3,3,3,1
No,Travel_Rarely,Sales,4,Technical Degree,3,3,Sales Executive,2,9250,No,3,3,4,1
Yes,Travel_Rarely,Research & Development,3,Life Sciences,3,1,Laboratory Technician,1,2074,Yes,3,3,1,0
Yes,Travel_Rarely,Research & Development,5,Technical Degree,2,3,Manufacturing Director,4,10169,No,3,3,33,1
Yes,Travel_Rarely,Research & Development,3,Medical,3,2,Manufacturing Director,2,4855,No,3,3,5,1
No,Non-Travel,Research & Development,4,Technical Degree,3,2,Research Scientist,1,4087,No,3,2,6,1
No,Travel_Rarely,Research & Development,4,Other,3,1,Research Scientist,1,2367,No,3,2,8,7
No,Travel_Rarely,Research & Development,4,Medical,3,1,Research Scientist,4,2972,No,3,1,1,0
No,Travel_Rarely,Sales,5,Marketing,2,5,Manager,4,19586,No,4,3,36,2
No,Travel_Rarely,Research & Development,4,Life Sciences,3,2,Research Scientist,4,5484,No,3,2,2,2
No,Travel_Rarely,Research & Development,3,Life Sciences,3,1,Research Scientist,4,2061,No,4,3,1,0
No,Travel_Rarely,Sales,3,Life Sciences,3,2,Sales Executive,2,9924,No,3,3,9,7
No,Travel_Rarely,Sales,3,Life Sciences,3,2,Sales Executive,2,4198,No,3,4,3,1
No,Travel_Rarely,Sales,4,Life Sciences,3,2,Sales Executive,3,6815,No,3,3,1,0
No,Travel_Rarely,Research & Development,1,Medical,3,1,Laboratory Technician,1,4723,Yes,3,3,10,1
No,Travel_Rarely,Research & Development,4,Medical,3,2,Healthcare Representative,3,6142,Yes,3,3,5,0
No,Travel_Rarely,Sales,3,Medical,4,3,Sales Executive,3,8237,No,3,3,7,7
No,Travel_Frequently,Research & Development,1,Life Sciences,3,2,Healthcare Representative,4,8853,No,3,4,6,1
No,Travel_Rarely,Sales,3,Marketing,3,5,Manager,3,19331,Yes,3,3,1,0
No,Travel_Rarely,Research & Development,3,Technical Degree,4,1,Research Scientist,3,2073,No,3,3,2,2
No,Travel_Frequently,Research & Development,4,Life Sciences,4,2,Laboratory Technician,1,5562,Yes,3,3,3,0
No,Travel_Rarely,Research & Development,2,Other,2,5,Manager,4,19613,No,4,3,1,0
No,Travel_Rarely,Research & Development,3,Life Sciences,4,2,Laboratory Technician,3,3407,No,3,2,10,6
No,Travel_Frequently,Research & Development,4,Technical Degree,2,2,Healthcare Representative,3,5063,No,3,2,8,7
No,Travel_Rarely,Sales,2,Life Sciences,3,2,Sales Executive,1,4639,No,3,3,5,1
No,Travel_Rarely,Research & Development,3,Technical Degree,4,1,Laboratory Technician,2,4876,No,3,3,6,0
No,Travel_Rarely,Research & Development,2,Life Sciences,2,1,Laboratory Technician,4,2690,No,3,2,1,0
No,Travel_Rarely,Sales,4,Life Sciences,4,4,Manager,1,17567,No,3,1,26,0
Yes,Travel_Rarely,Research & Development,3,Medical,3,1,Laboratory Technician,2,2408,Yes,3,3,1,0
No,Non-Travel,Research & Development,2,Other,2,1,Research Scientist,3,2814,Yes,3,2,4,1
No,Travel_Frequently,Research & Development,5,Medical,3,4,Healthcare Representative,3,11245,Yes,3,3,30,12
No,Travel_Rarely,Research & Development,4,Other,4,1,Research Scientist,4,3312,No,3,3,3,0
No,Travel_Rarely,Research & Development,3,Medical,3,5,Research Director,4,19049,Yes,3,2,22,1
No,Travel_Rarely,Research & Development,3,Medical,2,1,Research Scientist,2,2141,No,3,2,6,1
No,Travel_Rarely,Research & Development,5,Medical,1,2,Laboratory Technician,1,5769,Yes,3,3,10,1
No,Non-Travel,Sales,3,Marketing,2,2,Sales Executive,1,4385,No,3,3,10,4
No,Travel_Frequently,Sales,4,Other,3,2,Sales Executive,1,5332,No,3,3,5,0
No,Travel_Rarely,Research & Development,4,Life Sciences,3,2,Manufacturing Director,3,4663,Yes,3,3,3,1
No,Travel_Frequently,Research & Development,4,Life Sciences,4,2,Manufacturing Director,4,4724,No,3,3,9,7
No,Travel_Rarely,Research & Development,4,Life Sciences,3,1,Laboratory Technician,1,3211,No,3,2,9,1
No,Travel_Rarely,Research & Development,5,Medical,3,2,Manufacturing Director,1,5377,No,3,3,7,7
No,Travel_Rarely,Research & Development,3,Other,2,1,Laboratory Technician,1,4066,No,3,3,7,0
No,Travel_Rarely,Research & Development,5,Life Sciences,4,2,Research Scientist,1,5208,No,3,3,16,1
No,Travel_Rarely,Research & Development,3,Medical,1,2,Manufacturing Director,1,4877,No,4,2,5,0
No,Travel_Rarely,Research & Development,1,Medical,3,1,Research Scientist,4,3117,No,3,3,2,2
Yes,Travel_Frequently,Sales,2,Medical,3,1,Sales Representative,4,1569,Yes,3,4,0,0
No,Travel_Rarely,Human Resources,4,Life Sciences,3,5,Manager,3,19658,No,3,3,5,1
No,Travel_Rarely,Research & Development,2,Medical,2,2,Laboratory Technician,3,3069,No,3,3,10,0
No,Travel_Rarely,Research & Development,3,Life Sciences,2,3,Manufacturing Director,3,10435,No,3,3,18,14
No,Non-Travel,Research & Development,4,Life Sciences,3,2,Healthcare Representative,3,4148,No,3,3,14,2
No,Travel_Rarely,Research & Development,3,Life Sciences,3,2,Manufacturing Director,3,5768,No,3,2,4,0
No,Travel_Frequently,Research & Development,3,Medical,3,2,Manufacturing Director,3,5042,No,3,1,9,3
No,Travel_Rarely,Research & Development,2,Other,2,2,Manufacturing Director,4,5770,No,3,3,10,3
No,Travel_Rarely,Research & Development,2,Medical,2,3,Manufacturing Director,3,7756,Yes,3,4,5,0
Yes,Travel_Rarely,Sales,3,Medical,2,3,Sales Executive,1,10306,No,3,3,13,6
No,Travel_Rarely,Research & Development,3,Medical,3,1,Research Scientist,2,3936,No,3,1,8,7
No,Travel_Rarely,Research & Development,3,Life Sciences,3,3,Manufacturing Director,4,7945,Yes,3,2,4,3
No,Travel_Frequently,Human Resources,5,Human Resources,3,2,Human Resources,4,5743,Yes,3,3,10,0
No,Travel_Frequently,Research & Development,5,Medical,2,4,Manager,4,15202,No,4,3,2,2
Yes,Travel_Rarely,Sales,2,Medical,1,2,Sales Executive,4,5440,Yes,3,2,2,2
No,Travel_Frequently,Research & Development,1,Technical Degree,3,1,Research Scientist,4,3760,Yes,3,3,6,1
No,Travel_Rarely,Research & Development,3,Medical,4,1,Research Scientist,3,3517,No,3,3,3,0
No,Travel_Frequently,Research & Development,3,Medical,3,1,Research Scientist,4,2580,No,3,2,4,1
Yes,Travel_Rarely,Research & Development,3,Life Sciences,3,1,Laboratory Technician,1,2166,Yes,3,1,4,0
No,Travel_Rarely,Sales,3,Medical,2,2,Sales Executive,3,5869,No,3,3,5,1
No,Travel_Rarely,Research & Development,4,Life Sciences,3,3,Healthcare Representative,1,8008,No,3,3,3,0
No,Travel_Frequently,Research & Development,1,Life Sciences,4,2,Manufacturing Director,3,5206,No,3,3,7,0
No,Travel_Rarely,Research & Development,3,Medical,3,2,Manufacturing Director,2,5295,No,4,3,5,1
No,Travel_Rarely,Research & Development,4,Other,3,4,Research Director,2,16413,No,3,3,4,1
No,Travel_Rarely,Research & Development,5,Life Sciences,2,3,Research Director,1,13269,No,3,3,14,1
No,Travel_Rarely,Sales,3,Medical,3,1,Sales Representative,3,2783,No,3,3,2,2
No,Travel_Rarely,Research & Development,3,Life Sciences,3,2,Research Scientist,2,5433,No,3,3,11,7
No,Travel_Rarely,Research & Development,3,Life Sciences,3,1,Laboratory Technician,2,2013,No,3,3,4,1
No,Travel_Rarely,Research & Development,1,Life Sciences,2,4,Healthcare Representative,3,13966,Yes,3,3,15,2
No,Non-Travel,Research & Development,4,Medical,2,2,Manufacturing Director,3,4374,No,3,3,3,1
No,Travel_Rarely,Research & Development,2,Life Sciences,4,2,Healthcare Representative,1,6842,No,4,3,5,0
No,Travel_Rarely,Research & Development,5,Medical,3,4,Manager,3,17426,No,4,3,10,4
No,Travel_Rarely,Research & Development,2,Life Sciences,2,4,Research Director,3,17603,No,4,3,14,6
Yes,Travel_Frequently,Sales,4,Other,3,2,Sales Executive,4,4581,Yes,4,4,11,6
No,Travel_Frequently,Research & Development,3,Life Sciences,3,2,Research Scientist,4,4735,No,3,4,13,2
No,Travel_Rarely,Sales,3,Medical,2,2,Sales Executive,2,4187,Yes,3,2,10,0
No,Travel_Rarely,Sales,4,Medical,3,2,Sales Executive,4,5505,No,3,3,6,0
No,Travel_Rarely,Research & Development,3,Medical,3,2,Research Scientist,2,5470,No,3,2,9,1
No,Travel_Rarely,Sales,4,Life Sciences,3,2,Sales Executive,4,5476,No,3,3,10,0
No,Travel_Rarely,Research & Development,3,Medical,3,1,Laboratory Technician,1,2587,Yes,3,2,2,2
No,Travel_Frequently,Research & Development,3,Medical,2,1,Laboratory Technician,2,2440,No,4,3,4,3
No,Travel_Rarely,Sales,4,Life Sciences,4,4,Manager,2,15972,No,3,3,3,1
No,Travel_Rarely,Research & Development,3,Life Sciences,3,4,Manager,3,15379,No,3,3,8,0
No,Travel_Rarely,Sales,2,Life Sciences,3,3,Sales Executive,3,7082,Yes,3,3,2,0
No,Travel_Rarely,Sales,1,Life Sciences,3,1,Sales Representative,1,2728,No,3,3,2,0
No,Non-Travel,Sales,3,Life Sciences,3,2,Sales Executive,4,5368,Yes,4,3,6,1
No,Travel_Rarely,Research & Development,4,Life Sciences,3,2,Healthcare Representative,3,5347,No,3,2,3,0
No,Travel_Rarely,Human Resources,3,Life Sciences,3,1,Human Resources,4,3195,Yes,3,3,2,2
Yes,Travel_Rarely,Research & Development,1,Medical,2,1,Laboratory Technician,3,3989,Yes,3,3,5,1
No,Travel_Rarely,Research & Development,2,Medical,3,1,Laboratory Technician,3,3306,No,3,2,0,0
No,Travel_Rarely,Research & Development,4,Medical,4,3,Healthcare Representative,4,7005,No,3,3,4,1
Yes,Travel_Frequently,Sales,2,Medical,3,1,Sales Representative,3,2655,Yes,3,3,9,7
Yes,Travel_Rarely,Research & Development,4,Life Sciences,3,1,Laboratory Technician,2,1393,No,3,3,1,0
No,Non-Travel,Research & Development,3,Medical,3,1,Laboratory Technician,4,2570,No,4,3,7,5
No,Travel_Rarely,Research & Development,3,Technical Degree,2,1,Research Scientist,2,3537,No,3,3,4,1
No,Travel_Rarely,Research & Development,2,Medical,2,2,Laboratory Technician,4,3986,No,3,4,15,4
No,Travel_Rarely,Research & Development,4,Medical,1,3,Healthcare Representative,4,10883,No,4,4,1,0
No,Travel_Rarely,Research & Development,3,Medical,4,1,Laboratory Technician,2,2028,No,3,3,14,2
No,Travel_Frequently,Sales,4,Medical,1,2,Sales Executive,4,9525,No,3,2,6,1
No,Travel_Rarely,Research & Development,3,Life Sciences,2,1,Research Scientist,4,2929,No,3,3,10,8
Yes,Travel_Rarely,Sales,3,Life Sciences,3,1,Sales Representative,4,2275,Yes,4,3,3,0
No,Travel_Rarely,Research & Development,3,Life Sciences,4,3,Healthcare Representative,4,7879,Yes,3,3,8,6
No,Travel_Frequently,Research & Development,4,Medical,2,1,Research Scientist,4,4930,Yes,3,4,5,1
No,Travel_Rarely,Sales,3,Medical,3,2,Sales Executive,4,7847,Yes,3,3,10,8
No,Travel_Rarely,Research & Development,3,Medical,4,1,Research Scientist,3,4401,No,3,3,5,0
No,Travel_Rarely,Sales,3,Marketing,3,3,Sales Executive,3,9241,No,3,3,10,8
No,Travel_Rarely,Research & Development,4,Medical,3,1,Laboratory Technician,3,2974,No,3,3,5,1
No,Travel_Rarely,Sales,4,Life Sciences,3,2,Sales Representative,4,4502,No,3,2,13,6
No,Non-Travel,Research & Development,1,Life Sciences,2,3,Healthcare Representative,3,10748,No,4,2,23,14
Yes,Travel_Rarely,Human Resources,1,Human Resources,1,1,Human Resources,3,1555,No,3,3,1,0
Yes,Travel_Frequently,Sales,3,Life Sciences,1,4,Sales Executive,3,12936,No,3,1,23,14
No,Travel_Rarely,Research & Development,4,Medical,1,1,Laboratory Technician,3,2305,No,3,4,3,0
No,Travel_Rarely,Research & Development,2,Technical Degree,2,4,Research Director,2,16704,No,3,3,21,8
No,Travel_Frequently,Research & Development,3,Life Sciences,3,1,Research Scientist,3,3433,No,3,2,5,1
No,Travel_Rarely,Research & Development,4,Life Sciences,3,1,Laboratory Technician,3,3477,No,3,4,5,0
No,Non-Travel,Human Resources,3,Human Resources,1,2,Human Resources,2,6430,No,3,3,3,1
No,Travel_Rarely,Research & Development,2,Life Sciences,3,2,Manufacturing Director,1,6516,Yes,3,3,1,0
No,Travel_Rarely,Research & Development,1,Medical,3,1,Laboratory Technician,1,3907,No,3,4,6,1
No,Travel_Rarely,Research & Development,4,Life Sciences,3,2,Healthcare Representative,2,5562,No,3,3,10,0
No,Travel_Rarely,Research & Development,4,Life Sciences,3,2,Manufacturing Director,3,6883,No,3,3,7,0
No,Travel_Rarely,Research & Development,1,Life Sciences,3,1,Research Scientist,4,2862,No,3,2,10,0
No,Non-Travel,Sales,4,Marketing,3,2,Sales Executive,2,4978,No,3,1,1,0
No,Travel_Rarely,Sales,3,Life Sciences,3,3,Sales Executive,4,10368,Yes,3,2,10,0
Yes,Travel_Rarely,Sales,5,Marketing,2,2,Sales Executive,1,6134,Yes,3,3,2,2
Yes,Travel_Rarely,Sales,2,Life Sciences,1,2,Sales Executive,2,6735,No,3,3,0,0
No,Travel_Rarely,Research & Development,1,Medical,3,1,Laboratory Technician,2,3295,No,3,1,3,1
No,Travel_Frequently,Research & Development,1,Technical Degree,3,2,Manufacturing Director,4,5238,No,4,2,5,1
No,Non-Travel,Research & Development,3,Life Sciences,3,2,Laboratory Technician,4,6472,Yes,3,3,9,5
No,Travel_Rarely,Sales,3,Life Sciences,1,3,Sales Executive,3,9610,No,3,1,4,0
No,Travel_Rarely,Sales,4,Medical,3,5,Manager,2,19833,No,3,2,21,12
No,Travel_Rarely,Human Resources,3,Life Sciences,1,3,Human Resources,3,9756,No,4,4,5,0
No,Travel_Frequently,Research & Development,4,Technical Degree,2,1,Research Scientist,1,4968,No,3,3,9,0
No,Travel_Frequently,Human Resources,3,Medical,3,1,Human Resources,4,2145,No,3,3,2,2
Yes,Travel_Frequently,Human Resources,3,Human Resources,2,1,Human Resources,4,2180,No,3,2,4,1
No,Travel_Rarely,Sales,3,Technical Degree,3,2,Sales Executive,3,8346,No,3,3,5,0
No,Travel_Rarely,Research & Development,3,Medical,3,1,Research Scientist,4,3445,No,3,2,6,1
Yes,Travel_Rarely,Sales,3,Marketing,1,1,Sales Representative,2,2760,No,3,3,2,2
No,Travel_Frequently,Research & Development,3,Life Sciences,4,2,Healthcare Representative,3,6294,Yes,3,4,3,0
No,Travel_Rarely,Sales,2,Marketing,2,3,Sales Executive,1,7140,No,3,3,7,1
No,Travel_Rarely,Research & Development,4,Medical,4,1,Research Scientist,4,2932,Yes,3,3,5,1
No,Non-Travel,Sales,3,Marketing,3,2,Sales Executive,2,5147,No,3,2,11,1
No,Travel_Rarely,Sales,4,Marketing,3,2,Sales Executive,4,4507,No,3,4,5,0
Yes,Travel_Rarely,Sales,3,Life Sciences,3,3,Sales Executive,1,8564,Yes,4,2,0,0
No,Travel_Frequently,Research & Development,2,Medical,2,1,Laboratory Technician,2,2468,No,3,2,6,0
Yes,Travel_Rarely,Sales,4,Marketing,3,3,Sales Executive,3,8161,No,3,3,1,0
No,Travel_Rarely,Research & Development,3,Technical Degree,2,1,Research Scientist,1,2109,No,3,3,1,0
No,Travel_Rarely,Research & Development,3,Life Sciences,4,2,Healthcare Representative,3,5294,No,3,3,7,1
No,Non-Travel,Research & Development,4,Technical Degree,3,1,Research Scientist,2,2718,No,3,3,7,0
No,Travel_Rarely,Research & Development,3,Medical,1,2,Healthcare Representative,4,5811,Yes,3,3,1,1
Yes,Travel_Frequently,Research & Development,3,Technical Degree,2,1,Research Scientist,3,2437,Yes,3,3,1,0
No,Travel_Rarely,Research & Development,3,Medical,3,1,Laboratory Technician,2,2766,No,4,2,5,0
No,Travel_Rarely,Research & Development,3,Medical,2,5,Research Director,1,19038,No,3,3,1,0
No,Non-Travel,Research & Development,3,Technical Degree,3,2,Research Scientist,2,3055,No,3,2,9,1
No,Travel_Rarely,Research & Development,4,Life Sciences,3,1,Laboratory Technician,1,2289,No,4,3,5,0
No,Non-Travel,Sales,3,Life Sciences,3,2,Sales Executive,3,4001,Yes,3,3,15,0
No,Non-Travel,Research & Development,4,Medical,2,4,Manufacturing Director,3,12965,Yes,4,2,3,0
No,Travel_Rarely,Human Resources,3,Life Sciences,3,1,Human Resources,4,3539,No,3,3,9,1
No,Travel_Rarely,Sales,2,Life Sciences,1,2,Sales Executive,4,6029,No,3,3,2,2
Yes,Travel_Rarely,Sales,1,Marketing,3,1,Sales Representative,2,2679,No,3,3,1,1
No,Travel_Rarely,Research & Development,2,Other,2,1,Laboratory Technician,3,3702,No,3,3,5,0
Yes,Travel_Rarely,Research & Development,1,Medical,3,1,Laboratory Technician,1,2398,Yes,3,3,1,0
No,Travel_Rarely,Sales,4,Marketing,2,2,Sales Executive,4,5468,No,3,3,12,5
No,Travel_Rarely,Research & Development,3,Technical Degree,3,3,Manager,3,13116,No,3,3,2,2
No,Travel_Rarely,Sales,2,Marketing,2,2,Sales Executive,2,4189,No,3,3,5,0
No,Travel_Rarely,Research & Development,4,Medical,3,5,Research Director,4,19328,Yes,3,3,2,2
No,Travel_Rarely,Research & Development,3,Life Sciences,3,3,Healthcare Representative,1,8321,Yes,3,3,12,5
Yes,Travel_Frequently,Research & Development,2,Medical,3,1,Research Scientist,2,2342,Yes,3,2,5,2
No,Travel_Rarely,Human Resources,2,Other,3,2,Human Resources,2,4071,No,3,2,10,4
Yes,Travel_Rarely,Sales,3,Life Sciences,3,2,Sales Executive,4,5813,Yes,3,3,10,7
No,Travel_Rarely,Research & Development,4,Life Sciences,4,1,Research Scientist,1,3143,No,3,3,10,7
No,Travel_Rarely,Research & Development,3,Life Sciences,3,1,Research Scientist,4,2044,No,3,4,5,0
No,Travel_Rarely,Research & Development,1,Medical,3,3,Research Director,3,13464,No,4,3,4,2
No,Non-Travel,Sales,2,Life Sciences,2,2,Sales Executive,2,7991,No,3,3,2,2
No,Travel_Rarely,Research & Development,2,Life Sciences,3,1,Laboratory Technician,1,3377,No,3,2,4,0
No,Travel_Rarely,Research & Development,3,Medical,4,2,Healthcare Representative,1,5538,No,3,2,0,0
No,Non-Travel,Research & Development,2,Medical,3,2,Manufacturing Director,4,5762,No,3,3,7,1
No,Non-Travel,Human Resources,3,Human Resources,3,1,Human Resources,2,2592,No,3,3,11,3
Yes,Travel_Frequently,Research & Development,4,Life Sciences,3,2,Laboratory Technician,1,5346,No,3,2,7,0
Yes,Travel_Rarely,Research & Development,4,Medical,3,2,Manufacturing Director,1,4213,No,3,1,10,0
No,Travel_Frequently,Sales,3,Life Sciences,3,2,Sales Executive,4,4127,No,3,3,2,2
No,Non-Travel,Research & Development,3,Life Sciences,3,1,Research Scientist,3,2438,No,3,2,3,1
No,Travel_Rarely,Research & Development,3,Life Sciences,4,2,Healthcare Representative,2,6870,No,3,1,3,1
No,Travel_Rarely,Sales,1,Marketing,3,3,Sales Executive,3,10447,Yes,3,4,22,13
No,Travel_Rarely,Research & Development,3,Medical,3,3,Manufacturing Director,3,9667,No,3,3,7,0
Yes,Travel_Rarely,Human Resources,2,Medical,3,1,Human Resources,2,2148,Yes,3,3,5,1
Yes,Travel_Rarely,Research & Development,2,Medical,3,2,Healthcare Representative,2,8926,No,4,4,9,3
No,Travel_Rarely,Research & Development,3,Life Sciences,3,2,Healthcare Representative,4,6513,No,3,3,5,0
No,Travel_Rarely,Sales,2,Technical Degree,4,2,Sales Executive,3,6799,No,4,3,10,4
No,Non-Travel,Sales,3,Medical,3,4,Manager,2,16291,No,4,2,16,14
No,Travel_Rarely,Research & Development,4,Medical,1,1,Laboratory Technician,3,2705,No,3,4,5,0
No,Travel_Rarely,Research & Development,3,Life Sciences,2,3,Manufacturing Director,2,10333,Yes,3,3,22,14
No,Travel_Rarely,Research & Development,3,Life Sciences,3,2,Healthcare Representative,1,4448,No,3,3,7,7
No,Travel_Rarely,Research & Development,4,Medical,3,2,Research Scientist,4,6854,No,3,2,7,1
No,Travel_Frequently,Sales,4,Marketing,3,3,Sales Executive,1,9637,No,3,3,3,2
No,Travel_Rarely,Research & Development,3,Medical,3,1,Research Scientist,1,3591,No,4,3,3,1
No,Travel_Rarely,Sales,4,Marketing,1,2,Sales Representative,4,5405,Yes,4,2,4,0
No,Travel_Rarely,Sales,3,Medical,3,2,Sales Executive,4,4684,No,3,3,5,1
No,Travel_Frequently,Research & Development,4,Life Sciences,3,4,Research Director,3,15787,Yes,3,3,2,2
No,Non-Travel,Research & Development,3,Medical,3,1,Research Scientist,3,1514,No,3,1,0,0
Yes,Travel_Rarely,Human Resources,5,Human Resources,4,1,Human Resources,1,2956,No,3,3,1,0
Yes,Travel_Rarely,Human Resources,3,Human Resources,2,1,Human Resources,1,2335,Yes,3,3,2,2
No,Non-Travel,Sales,4,Life Sciences,3,2,Sales Executive,3,5154,No,4,4,8,5
No,Travel_Rarely,Research & Development,4,Other,3,2,Research Scientist,2,6962,Yes,4,3,1,0
No,Travel_Frequently,Sales,4,Life Sciences,3,2,Sales Executive,4,5675,No,4,3,7,7
No,Travel_Frequently,Research & Development,2,Life Sciences,3,1,Laboratory Technician,4,2379,Yes,3,2,5,0
No,Travel_Frequently,Research & Development,1,Medical,3,1,Laboratory Technician,4,3812,No,3,4,11,3
No,Travel_Frequently,Sales,4,Marketing,3,2,Sales Executive,4,4648,No,3,4,0,0
No,Non-Travel,Research & Development,4,Technical Degree,3,1,Research Scientist,3,2936,No,4,2,6,3
No,Travel_Rarely,Research & Development,4,Life Sciences,3,1,Laboratory Technician,3,2105,No,3,3,2,2
No,Travel_Rarely,Research & Development,2,Life Sciences,3,3,Manufacturing Director,4,8578,No,3,2,9,4
No,Non-Travel,Human Resources,2,Life Sciences,3,1,Human Resources,4,2706,No,3,3,3,2
No,Travel_Rarely,Research & Development,1,Life Sciences,1,2,Healthcare Representative,3,6384,No,3,3,7,1
No,Travel_Rarely,Research & Development,3,Life Sciences,3,1,Laboratory Technician,3,3968,No,3,3,0,0
Yes,Travel_Rarely,Sales,4,Marketing,2,2,Sales Executive,2,9907,Yes,3,2,2,2
No,Travel_Rarely,Sales,3,Technical Degree,4,4,Sales Executive,1,13225,No,3,3,19,2
No,Travel_Rarely,Sales,1,Medical,2,2,Sales Representative,3,3540,No,4,3,9,5
No,Travel_Rarely,Human Resources,1,Medical,2,1,Human Resources,2,2804,No,3,3,1,0
No,Travel_Rarely,Research & Development,3,Medical,2,5,Manager,3,19392,No,3,3,16,6
No,Travel_Rarely,Research & Development,3,Life Sciences,2,5,Research Director,2,19665,No,3,3,22,12
Yes,Travel_Frequently,Research & Development,2,Life Sciences,2,1,Research Scientist,4,2439,Yes,4,2,1,1
Yes,Travel_Rarely,Sales,3,Life Sciences,3,3,Sales Executive,2,7314,No,4,3,8,0
No,Travel_Frequently,Research & Development,3,Life Sciences,2,1,Research Scientist,1,4774,No,3,2,7,7
No,Travel_Rarely,Research & Development,4,Other,3,2,Research Scientist,4,3902,No,3,3,2,2
No,Travel_Rarely,Research & Development,4,Technical Degree,2,1,Research Scientist,4,2662,No,4,4,5,0
No,Travel_Rarely,Sales,3,Medical,3,1,Sales Representative,2,2856,No,3,3,1,0
Yes,Travel_Rarely,Sales,3,Medical,3,1,Sales Representative,4,1081,No,3,2,1,0
Yes,Travel_Rarely,Research & Development,1,Life Sciences,3,1,Research Scientist,2,2472,Yes,4,3,1,0
No,Travel_Rarely,Sales,4,Technical Degree,2,2,Sales Executive,3,5673,Yes,3,3,10,1
No,Travel_Rarely,Research & Development,3,Life Sciences,3,2,Laboratory Technician,3,4197,No,3,3,10,0
No,Travel_Rarely,Sales,3,Life Sciences,3,3,Sales Executive,4,9713,Yes,3,3,5,1
No,Travel_Rarely,Research & Development,3,Life Sciences,3,1,Laboratory Technician,1,2062,No,3,3,3,1
No,Travel_Rarely,Research & Development,4,Medical,3,2,Research Scientist,1,4284,Yes,4,3,5,0
No,Travel_Rarely,Research & Development,2,Other,2,2,Manufacturing Director,2,4788,Yes,3,3,3,0
No,Travel_Rarely,Research & Development,2,Life Sciences,2,2,Manufacturing Director,4,5906,No,3,2,9,3
No,Travel_Frequently,Human Resources,1,Human Resources,2,2,Human Resources,4,3886,No,4,2,10,0
No,Travel_Rarely,Research & Development,4,Life Sciences,3,4,Manager,1,16823,No,3,3,19,11
No,Travel_Rarely,Research & Development,2,Life Sciences,2,1,Research Scientist,3,2933,Yes,3,2,1,1
No,Travel_Rarely,Sales,2,Medical,4,2,Sales Executive,3,6500,No,3,2,8,0
No,Travel_Frequently,Research & Development,3,Medical,3,4,Manager,4,17174,No,3,3,22,4
No,Travel_Rarely,Research & Development,4,Life Sciences,4,2,Healthcare Representative,1,5033,No,3,3,2,2
Yes,Non-Travel,Research & Development,4,Technical Degree,1,1,Research Scientist,1,2307,Yes,4,3,5,3
Yes,Travel_Rarely,Research & Development,2,Life Sciences,3,1,Laboratory Technician,4,2587,No,3,3,4,1
No,Travel_Rarely,Sales,2,Marketing,2,2,Sales Executive,2,5507,No,3,1,4,1
No,Travel_Rarely,Sales,3,Marketing,3,2,Sales Executive,2,4393,No,4,3,5,1
No,Travel_Rarely,Research & Development,3,Medical,3,3,Research Director,1,13348,No,3,4,13,5
No,Travel_Rarely,Sales,2,Medical,3,2,Sales Executive,4,6583,Yes,3,3,5,1
No,Travel_Rarely,Sales,1,Medical,2,2,Sales Executive,4,8103,Yes,3,2,4,0
No,Travel_Rarely,Research & Development,3,Medical,4,1,Laboratory Technician,3,3978,No,3,2,2,2
No,Travel_Frequently,Research & Development,3,Other,4,1,Laboratory Technician,4,2544,No,3,3,7,7
No,Travel_Frequently,Research & Development,4,Medical,3,2,Healthcare Representative,3,5399,No,3,3,4,0
No,Travel_Rarely,Sales,4,Marketing,3,2,Sales Executive,3,5487,No,3,2,10,0
No,Travel_Frequently,Sales,2,Life Sciences,2,2,Sales Executive,4,6834,Yes,3,3,7,0
Yes,Travel_Frequently,Sales,3,Technical Degree,4,1,Sales Representative,1,1091,No,3,3,1,0
No,Non-Travel,Sales,4,Life Sciences,1,2,Sales Executive,3,5736,No,3,3,3,1
No,Travel_Rarely,Research & Development,4,Technical Degree,3,1,Research Scientist,2,2226,No,3,2,5,1
No,Travel_Frequently,Research & Development,4,Other,2,2,Research Scientist,4,5747,Yes,3,3,15,6
Yes,Travel_Rarely,Sales,2,Marketing,3,2,Sales Executive,3,9854,Yes,3,3,2,2
No,Non-Travel,Research & Development,4,Technical Degree,3,2,Research Scientist,2,5467,No,3,4,8,1
No,Travel_Rarely,Sales,5,Marketing,2,2,Sales Executive,1,5380,No,3,3,0,0
No,Travel_Rarely,Research & Development,2,Medical,3,2,Manufacturing Director,1,5151,No,4,3,10,7
No,Travel_Frequently,Research & Development,3,Medical,2,2,Research Scientist,2,2133,Yes,3,3,20,0
No,Travel_Rarely,Sales,3,Life Sciences,3,4,Manager,4,17875,Yes,3,2,1,0
Yes,Travel_Frequently,Research & Development,2,Life Sciences,4,1,Research Scientist,3,2432,Yes,3,3,4,0
No,Travel_Rarely,Research & Development,2,Life Sciences,3,1,Research Scientist,4,4771,No,3,4,5,0
No,Travel_Frequently,Research & Development,1,Life Sciences,3,5,Research Director,4,19161,No,3,3,5,4
No,Travel_Rarely,Sales,4,Marketing,3,2,Sales Executive,4,5087,Yes,3,3,0,0
Yes,Travel_Frequently,Human Resources,3,Human Resources,2,1,Human Resources,2,2863,No,3,3,1,0
No,Travel_Rarely,Sales,4,Medical,3,2,Sales Executive,1,5561,No,3,1,5,0
No,Non-Travel,Research & Development,3,Medical,3,1,Research Scientist,3,2144,No,3,2,5,1
No,Non-Travel,Research & Development,2,Medical,3,1,Research Scientist,1,3065,Yes,3,4,4,2
No,Non-Travel,Research & Development,4,Life Sciences,4,1,Laboratory Technician,2,2810,No,4,3,5,0
No,Travel_Rarely,Sales,3,Marketing,3,3,Sales Executive,4,9888,No,4,2,14,2
No,Travel_Rarely,Sales,4,Medical,3,3,Sales Executive,3,8628,No,3,2,8,1
No,Travel_Rarely,Research & Development,3,Medical,3,1,Laboratory Technician,1,2867,No,3,2,7,7
No,Travel_Rarely,Research & Development,3,Life Sciences,3,2,Healthcare Representative,1,5373,No,3,2,5,0
No,Non-Travel,Research & Development,4,Medical,3,2,Healthcare Representative,4,6667,No,3,3,5,1
No,Travel_Frequently,Research & Development,3,Life Sciences,1,2,Research Scientist,1,5003,No,4,3,10,8
Yes,Travel_Rarely,Research & Development,3,Technical Degree,2,1,Laboratory Technician,4,2367,No,3,2,4,0
No,Travel_Rarely,Sales,3,Life Sciences,2,1,Sales Representative,1,2858,No,3,2,1,0
No,Travel_Rarely,Sales,4,Life Sciences,3,2,Sales Executive,4,5204,Yes,3,3,10,0
No,Travel_Rarely,Sales,3,Marketing,3,2,Sales Executive,4,4105,No,3,3,7,0
No,Travel_Rarely,Research & Development,4,Life Sciences,2,2,Manufacturing Director,4,9679,No,4,3,1,0
Yes,Travel_Frequently,Sales,4,Marketing,3,2,Sales Executive,4,5617,Yes,3,3,10,0
Yes,Travel_Rarely,Sales,4,Life Sciences,3,3,Sales Executive,1,10448,Yes,3,2,2,2
No,Travel_Rarely,Research & Development,2,Life Sciences,3,2,Research Scientist,3,2897,No,3,2,4,2
No,Travel_Frequently,Research & Development,2,Life Sciences,3,2,Healthcare Representative,3,5968,No,4,3,9,2
No,Travel_Rarely,Research & Development,3,Life Sciences,3,3,Healthcare Representative,3,7510,No,3,3,10,0
No,Travel_Frequently,Human Resources,4,Other,3,1,Human Resources,2,2991,Yes,3,3,6,1
No,Travel_Rarely,Human Resources,4,Human Resources,4,5,Manager,2,19636,Yes,3,3,10,1
No,Travel_Rarely,Research & Development,1,Medical,1,1,Laboratory Technician,4,1129,Yes,3,3,1,0
No,Travel_Rarely,Sales,4,Marketing,3,4,Sales Executive,1,13341,No,3,3,20,11
No,Non-Travel,Research & Development,2,Life Sciences,2,2,Research Scientist,3,4332,No,3,3,20,3
No,Non-Travel,Research & Development,3,Medical,3,3,Research Director,3,11031,No,4,4,11,4
No,Travel_Rarely,Research & Development,3,Medical,3,2,Manufacturing Director,1,4440,Yes,3,3,5,1
No,Travel_Rarely,Research & Development,2,Life Sciences,2,2,Healthcare Representative,3,4617,No,3,2,4,1
No,Travel_Rarely,Research & Development,2,Other,3,1,Laboratory Technician,4,2647,No,3,4,5,1
No,Travel_Frequently,Research & Development,3,Technical Degree,3,2,Laboratory Technician,3,6323,No,3,4,10,9
No,Travel_Rarely,Sales,2,Marketing,3,2,Sales Executive,2,5677,No,3,3,11,5
No,Travel_Rarely,Human Resources,3,Human Resources,3,1,Human Resources,2,2187,No,3,3,2,1
No,Travel_Rarely,Research & Development,2,Medical,3,1,Laboratory Technician,2,3748,No,3,2,12,1
No,Travel_Rarely,Research & Development,1,Other,3,1,Laboratory Technician,3,3977,Yes,3,2,2,0
No,Travel_Rarely,Research & Development,3,Medical,3,3,Healthcare Representative,3,8633,No,4,3,17,12
No,Non-Travel,Research & Development,2,Medical,2,1,Laboratory Technician,3,2008,No,3,2,1,0
No,Travel_Rarely,Sales,4,Life Sciences,3,2,Sales Executive,2,4440,No,3,3,15,5
No,Travel_Rarely,Sales,2,Life Sciences,3,1,Sales Representative,3,3067,No,3,3,2,1
No,Travel_Frequently,Research & Development,4,Life Sciences,2,2,Manufacturing Director,3,5321,No,3,3,8,7
No,Travel_Rarely,Research & Development,4,Life Sciences,3,2,Research Scientist,1,5410,Yes,3,2,4,1
No,Travel_Rarely,Research & Development,3,Life Sciences,3,1,Research Scientist,4,2782,No,4,3,5,1
No,Non-Travel,Research & Development,1,Medical,3,3,Research Director,2,11957,No,3,1,13,5
No,Travel_Rarely,Research & Development,4,Medical,3,1,Laboratory Technician,3,2660,Yes,3,3,2,2
No,Travel_Rarely,Research & Development,2,Life Sciences,3,1,Research Scientist,3,3375,No,3,4,3,1
No,Travel_Rarely,Research & Development,4,Medical,3,2,Research Scientist,3,5098,No,3,3,10,0
No,Travel_Rarely,Research & Development,2,Medical,3,2,Healthcare Representative,4,4878,Yes,3,3,9,8
No,Travel_Rarely,Research & Development,4,Life Sciences,2,1,Laboratory Technician,2,2837,No,3,3,6,4
No,Travel_Rarely,Research & Development,4,Life Sciences,3,1,Laboratory Technician,4,2406,No,3,2,1,0
No,Travel_Rarely,Sales,4,Medical,2,1,Sales Representative,2,2269,No,3,3,2,2
No,Travel_Rarely,Research & Development,1,Life Sciences,3,2,Research Scientist,4,4108,No,3,3,7,1
No,Travel_Rarely,Research & Development,3,Medical,1,3,Research Director,3,13206,No,3,3,18,1
No,Travel_Rarely,Sales,4,Marketing,3,3,Sales Executive,4,10422,No,3,3,14,5
No,Travel_Rarely,Research & Development,3,Life Sciences,4,3,Research Director,4,13744,Yes,4,3,16,6
No,Travel_Rarely,Sales,2,Other,3,2,Sales Executive,3,4907,Yes,4,2,5,0
No,Non-Travel,Sales,4,Life Sciences,3,1,Sales Representative,4,3482,No,3,2,9,0
No,Travel_Rarely,Research & Development,3,Medical,3,1,Research Scientist,4,2436,Yes,3,3,4,1
No,Travel_Rarely,Sales,1,Medical,3,1,Sales Representative,1,2380,Yes,3,3,2,1
No,Non-Travel,Research & Development,3,Life Sciences,3,5,Manager,4,19431,No,3,2,6,1
Yes,Travel_Frequently,Sales,3,Marketing,3,1,Sales Representative,1,1790,No,3,2,1,1
No,Travel_Rarely,Sales,3,Medical,2,3,Sales Executive,4,7644,No,3,3,9,3
No,Travel_Frequently,Research & Development,2,Life Sciences,3,2,Manufacturing Director,2,5131,No,3,3,4,0
No,Non-Travel,Research & Development,4,Life Sciences,3,2,Healthcare Representative,3,6306,No,4,2,13,1
Yes,Travel_Rarely,Research & Development,4,Medical,3,1,Research Scientist,4,4787,Yes,3,4,2,2
No,Travel_Rarely,Research & Development,3,Life Sciences,3,5,Manager,3,18880,No,3,2,22,4
Yes,Travel_Rarely,Research & Development,2,Technical Degree,3,1,Laboratory Technician,3,2339,No,3,1,10,9
No,Travel_Rarely,Research & Development,4,Life Sciences,2,4,Manufacturing Director,2,13570,No,4,3,20,0
No,Travel_Rarely,Sales,3,Marketing,2,2,Sales Executive,3,6712,No,4,3,8,1
No,Non-Travel,Sales,4,Marketing,1,2,Sales Executive,4,5406,No,4,2,15,11
No,Travel_Rarely,Sales,3,Life Sciences,2,2,Sales Executive,2,8938,No,3,3,5,0
No,Travel_Rarely,Research & Development,3,Technical Degree,3,1,Research Scientist,1,2439,No,3,3,4,1
No,Travel_Rarely,Human Resources,4,Life Sciences,3,3,Human Resources,4,8837,Yes,3,3,9,1
No,Travel_Rarely,Sales,2,Life Sciences,3,2,Sales Executive,4,5343,No,3,3,10,1
Yes,Travel_Frequently,Sales,4,Life Sciences,3,2,Sales Executive,3,6728,No,3,3,6,0
No,Travel_Rarely,Sales,4,Marketing,2,2,Sales Executive,4,6652,No,3,2,6,0
No,Travel_Rarely,Sales,3,Life Sciences,3,2,Sales Executive,3,4850,No,3,3,5,0
No,Travel_Rarely,Research & Development,4,Life Sciences,2,1,Research Scientist,3,2809,No,3,3,2,2
No,Travel_Frequently,Research & Development,4,Life Sciences,3,2,Healthcare Representative,3,5689,Yes,3,4,10,0
No,Travel_Rarely,Research & Development,4,Medical,3,1,Research Scientist,3,2001,No,3,3,5,0
No,Travel_Rarely,Research & Development,4,Life Sciences,1,1,Research Scientist,4,2977,No,3,3,4,1
No,Travel_Rarely,Research & Development,2,Other,2,2,Laboratory Technician,2,4025,Yes,3,3,4,0
No,Travel_Rarely,Research & Development,4,Medical,2,1,Research Scientist,1,3785,No,3,1,5,0
Yes,Travel_Rarely,Sales,3,Marketing,2,3,Sales Executive,1,10854,Yes,3,3,3,2
No,Travel_Rarely,Sales,1,Marketing,2,4,Sales Executive,4,12031,No,3,2,20,9
No,Non-Travel,Research & Development,3,Medical,3,2,Manufacturing Director,1,9936,No,3,3,9,1
No,Travel_Rarely,Sales,3,Other,2,1,Sales Representative,3,2966,No,3,3,4,0
No,Travel_Frequently,Research & Development,2,Medical,4,2,Laboratory Technician,4,2571,No,3,3,5,0
No,Travel_Rarely,Research & Development,1,Medical,2,3,Healthcare Representative,1,9991,No,3,3,7,1
No,Travel_Rarely,Research & Development,3,Life Sciences,4,2,Manufacturing Director,2,6142,Yes,4,3,6,0
No,Travel_Frequently,Sales,3,Medical,2,2,Sales Executive,2,5390,No,3,2,9,0
No,Travel_Rarely,Research & Development,3,Medical,4,2,Laboratory Technician,3,4404,No,3,4,4,1
